station,source,signal_col,scheme,SNR_dB,BER
EC_1,filtered,i3_photoresistor,AM,25.7,
EC_1,features,i3_photoresistor_psd_peak,AM,25.341,
EC_1,features,i3_photoresistor_psd_mean_energy,AM,25.329,
EC_1,features,i3_photoresistor_psd_peak_freq,AM,25.254,
EC_1,features,i3_photoresistor_rms,AM,27.731,
EC_1,features,i3_photoresistor_mean,AM,27.733,
EC_1,features,i3_photoresistor_variance,AM,25.656,
EC_1,features,i3_photoresistor_fft_peak,AM,27.733,
EC_1,features,current_task_duration_psd_peak,AM,25.091,
EC_1,features,current_task_duration_psd_mean_energy,AM,25.091,
EC_1,features,current_task_duration_psd_peak_freq,AM,25.091,
EC_1,features,current_task_duration_rms,AM,25.091,
EC_1,features,current_task_duration_mean,AM,25.091,
EC_1,features,current_task_duration_variance,AM,25.091,
EC_1,features,current_task_duration_fft_peak,AM,25.091,
EC_1,filtered,i3_photoresistor,FM,22.988,
EC_1,features,i3_photoresistor_psd_peak,FM,25.151,
EC_1,features,i3_photoresistor_psd_mean_energy,FM,25.148,
EC_1,features,i3_photoresistor_psd_peak_freq,FM,25.035,
EC_1,features,i3_photoresistor_rms,FM,25.123,
EC_1,features,i3_photoresistor_mean,FM,25.127,
EC_1,features,i3_photoresistor_variance,FM,25.121,
EC_1,features,i3_photoresistor_fft_peak,FM,25.127,
EC_1,features,current_task_duration_psd_peak,FM,25.091,
EC_1,features,current_task_duration_psd_mean_energy,FM,25.091,
EC_1,features,current_task_duration_psd_peak_freq,FM,25.091,
EC_1,features,current_task_duration_rms,FM,25.091,
EC_1,features,current_task_duration_mean,FM,25.091,
EC_1,features,current_task_duration_variance,FM,25.091,
EC_1,features,current_task_duration_fft_peak,FM,25.091,
EC_1,filtered,i3_photoresistor,ASK,19.069,0.00264
EC_1,features,i3_photoresistor_psd_peak,ASK,5.291,0.0
EC_1,features,i3_photoresistor_psd_mean_energy,ASK,5.291,0.0
EC_1,features,i3_photoresistor_psd_peak_freq,ASK,8.226,0.032
EC_1,features,i3_photoresistor_rms,ASK,21.095,0.016
EC_1,features,i3_photoresistor_mean,ASK,21.095,0.016
EC_1,features,i3_photoresistor_variance,ASK,9.319,0.008
EC_1,features,i3_photoresistor_fft_peak,ASK,21.095,0.016
EC_1,features,current_task_duration_psd_peak,ASK,-inf,0.0
EC_1,features,current_task_duration_psd_mean_energy,ASK,-inf,0.0
EC_1,features,current_task_duration_psd_peak_freq,ASK,-inf,0.0
EC_1,features,current_task_duration_rms,ASK,-inf,0.0
EC_1,features,current_task_duration_mean,ASK,-inf,0.0
EC_1,features,current_task_duration_variance,ASK,-inf,0.0
EC_1,features,current_task_duration_fft_peak,ASK,-inf,0.0
EC_1,filtered,i3_photoresistor,FSK,22.989,0.49868
EC_1,features,i3_photoresistor_psd_peak,FSK,25.059,0.488
EC_1,features,i3_photoresistor_psd_mean_energy,FSK,25.059,0.488
EC_1,features,i3_photoresistor_psd_peak_freq,FSK,25.035,0.496
EC_1,features,i3_photoresistor_rms,FSK,25.171,0.472
EC_1,features,i3_photoresistor_mean,FSK,25.171,0.472
EC_1,features,i3_photoresistor_variance,FSK,25.059,0.496
EC_1,features,i3_photoresistor_fft_peak,FSK,25.171,0.472
EC_1,features,current_task_duration_psd_peak,FSK,25.091,0.48
EC_1,features,current_task_duration_psd_mean_energy,FSK,25.091,0.48
EC_1,features,current_task_duration_psd_peak_freq,FSK,25.091,0.48
EC_1,features,current_task_duration_rms,FSK,25.091,0.48
EC_1,features,current_task_duration_mean,FSK,25.091,0.48
EC_1,features,current_task_duration_variance,FSK,25.091,0.48
EC_1,features,current_task_duration_fft_peak,FSK,25.091,0.48
EC_1,filtered,i3_photoresistor,PSK,22.99,0.0
EC_1,features,i3_photoresistor_psd_peak,PSK,25.091,0.0
EC_1,features,i3_photoresistor_psd_mean_energy,PSK,25.091,0.0
EC_1,features,i3_photoresistor_psd_peak_freq,PSK,25.091,0.0
EC_1,features,i3_photoresistor_rms,PSK,25.091,0.0
EC_1,features,i3_photoresistor_mean,PSK,25.091,0.0
EC_1,features,i3_photoresistor_variance,PSK,25.091,0.0
EC_1,features,i3_photoresistor_fft_peak,PSK,25.091,0.0
EC_1,features,current_task_duration_psd_peak,PSK,25.091,0.0
EC_1,features,current_task_duration_psd_mean_energy,PSK,25.091,0.0
EC_1,features,current_task_duration_psd_peak_freq,PSK,25.091,0.0
EC_1,features,current_task_duration_rms,PSK,25.091,0.0
EC_1,features,current_task_duration_mean,PSK,25.091,0.0
EC_1,features,current_task_duration_variance,PSK,25.091,0.0
EC_1,features,current_task_duration_fft_peak,PSK,25.091,0.0
HBW_1,filtered,i4_light_barrier,AM,23.599,
HBW_1,filtered,m1_speed,AM,26.956,
HBW_1,filtered,m2_speed,AM,25.844,
HBW_1,filtered,m3_speed,AM,25.937,
HBW_1,filtered,current_task,AM,24.657,
HBW_1,filtered,current_task_duration,AM,23.984,
HBW_1,filtered,current_sub_task,AM,24.499,
HBW_1,filtered,i1_light_barrier,AM,23.423,
HBW_1,filtered,i2_light_barrier,AM,22.98,
HBW_1,filtered,i3_light_barrier,AM,22.98,
HBW_1,filtered,i5_pos_switch,AM,24.984,
HBW_1,filtered,i6_pos_switch,AM,27.356,
HBW_1,filtered,i7_pos_switch,AM,23.31,
HBW_1,filtered,i8_pos_switch,AM,24.714,
HBW_1,filtered,m4_speed,AM,25.764,
HBW_1,filtered,current_pos_x,AM,25.901,
HBW_1,filtered,current_pos_y,AM,25.227,
HBW_1,filtered,target_pos_x,AM,25.559,
HBW_1,filtered,target_pos_y,AM,25.138,
HBW_1,filtered,amount_of_workpieces,AM,26.042,
HBW_1,features,m1_speed_psd_peak,AM,25.406,
HBW_1,features,m1_speed_psd_mean_energy,AM,25.535,
HBW_1,features,m1_speed_psd_peak_freq,AM,27.383,
HBW_1,features,m1_speed_rms,AM,29.886,
HBW_1,features,m1_speed_mean,AM,29.965,
HBW_1,features,m1_speed_variance,AM,25.408,
HBW_1,features,m1_speed_fft_peak,AM,29.965,
HBW_1,features,m2_speed_psd_peak,AM,26.197,
HBW_1,features,m2_speed_psd_mean_energy,AM,26.478,
HBW_1,features,m2_speed_psd_peak_freq,AM,27.79,
HBW_1,features,m2_speed_rms,AM,28.647,
HBW_1,features,m2_speed_mean,AM,29.157,
HBW_1,features,m2_speed_variance,AM,26.81,
HBW_1,features,m2_speed_fft_peak,AM,29.157,
HBW_1,features,m3_speed_psd_peak,AM,26.971,
HBW_1,features,m3_speed_psd_mean_energy,AM,27.172,
HBW_1,features,m3_speed_psd_peak_freq,AM,28.675,
HBW_1,features,m3_speed_rms,AM,29.455,
HBW_1,features,m3_speed_mean,AM,29.775,
HBW_1,features,m3_speed_variance,AM,27.548,
HBW_1,features,m3_speed_fft_peak,AM,29.775,
HBW_1,features,m4_speed_psd_peak,AM,26.546,
HBW_1,features,m4_speed_psd_mean_energy,AM,26.529,
HBW_1,features,m4_speed_psd_peak_freq,AM,28.003,
HBW_1,features,m4_speed_rms,AM,29.477,
HBW_1,features,m4_speed_mean,AM,29.728,
HBW_1,features,m4_speed_variance,AM,27.006,
HBW_1,features,m4_speed_fft_peak,AM,29.728,
HBW_1,features,current_pos_x_psd_peak,AM,26.652,
HBW_1,features,current_pos_x_psd_mean_energy,AM,26.406,
HBW_1,features,current_pos_x_psd_peak_freq,AM,27.452,
HBW_1,features,current_pos_x_rms,AM,28.207,
HBW_1,features,current_pos_x_mean,AM,27.828,
HBW_1,features,current_pos_x_variance,AM,27.191,
HBW_1,features,current_pos_x_fft_peak,AM,27.826,
HBW_1,features,current_pos_y_psd_peak,AM,26.984,
HBW_1,features,current_pos_y_psd_mean_energy,AM,26.918,
HBW_1,features,current_pos_y_psd_peak_freq,AM,27.356,
HBW_1,features,current_pos_y_rms,AM,27.985,
HBW_1,features,current_pos_y_mean,AM,27.568,
HBW_1,features,current_pos_y_variance,AM,27.135,
HBW_1,features,current_pos_y_fft_peak,AM,27.568,
HBW_1,features,target_pos_x_psd_peak,AM,26.227,
HBW_1,features,target_pos_x_psd_mean_energy,AM,26.251,
HBW_1,features,target_pos_x_psd_peak_freq,AM,27.809,
HBW_1,features,target_pos_x_rms,AM,27.97,
HBW_1,features,target_pos_x_mean,AM,27.497,
HBW_1,features,target_pos_x_variance,AM,27.119,
HBW_1,features,target_pos_x_fft_peak,AM,27.495,
HBW_1,features,target_pos_y_psd_peak,AM,27.112,
HBW_1,features,target_pos_y_psd_mean_energy,AM,27.09,
HBW_1,features,target_pos_y_psd_peak_freq,AM,27.399,
HBW_1,features,target_pos_y_rms,AM,27.991,
HBW_1,features,target_pos_y_mean,AM,27.564,
HBW_1,features,target_pos_y_variance,AM,27.084,
HBW_1,features,target_pos_y_fft_peak,AM,27.564,
HBW_1,features,current_task_duration_psd_peak,AM,25.258,
HBW_1,features,current_task_duration_psd_mean_energy,AM,25.26,
HBW_1,features,current_task_duration_psd_peak_freq,AM,27.445,
HBW_1,features,current_task_duration_rms,AM,25.391,
HBW_1,features,current_task_duration_mean,AM,25.899,
HBW_1,features,current_task_duration_variance,AM,25.337,
HBW_1,features,current_task_duration_fft_peak,AM,25.44,
HBW_1,filtered,i4_light_barrier,FM,22.99,
HBW_1,filtered,m1_speed,FM,22.983,
HBW_1,filtered,m2_speed,FM,22.985,
HBW_1,filtered,m3_speed,FM,22.981,
HBW_1,filtered,current_task,FM,22.98,
HBW_1,filtered,current_task_duration,FM,22.982,
HBW_1,filtered,current_sub_task,FM,22.981,
HBW_1,filtered,i1_light_barrier,FM,22.986,
HBW_1,filtered,i2_light_barrier,FM,22.98,
HBW_1,filtered,i3_light_barrier,FM,22.98,
HBW_1,filtered,i5_pos_switch,FM,22.988,
HBW_1,filtered,i6_pos_switch,FM,22.972,
HBW_1,filtered,i7_pos_switch,FM,22.99,
HBW_1,filtered,i8_pos_switch,FM,22.995,
HBW_1,filtered,m4_speed,FM,22.982,
HBW_1,filtered,current_pos_x,FM,22.984,
HBW_1,filtered,current_pos_y,FM,22.978,
HBW_1,filtered,target_pos_x,FM,22.98,
HBW_1,filtered,target_pos_y,FM,22.982,
HBW_1,filtered,amount_of_workpieces,FM,22.981,
HBW_1,features,m1_speed_psd_peak,FM,25.179,
HBW_1,features,m1_speed_psd_mean_energy,FM,25.042,
HBW_1,features,m1_speed_psd_peak_freq,FM,25.062,
HBW_1,features,m1_speed_rms,FM,25.127,
HBW_1,features,m1_speed_mean,FM,25.126,
HBW_1,features,m1_speed_variance,FM,25.177,
HBW_1,features,m1_speed_fft_peak,FM,25.126,
HBW_1,features,m2_speed_psd_peak,FM,25.15,
HBW_1,features,m2_speed_psd_mean_energy,FM,25.127,
HBW_1,features,m2_speed_psd_peak_freq,FM,25.109,
HBW_1,features,m2_speed_rms,FM,25.125,
HBW_1,features,m2_speed_mean,FM,25.11,
HBW_1,features,m2_speed_variance,FM,25.087,
HBW_1,features,m2_speed_fft_peak,FM,25.11,
HBW_1,features,m3_speed_psd_peak,FM,25.06,
HBW_1,features,m3_speed_psd_mean_energy,FM,25.11,
HBW_1,features,m3_speed_psd_peak_freq,FM,25.245,
HBW_1,features,m3_speed_rms,FM,25.133,
HBW_1,features,m3_speed_mean,FM,25.092,
HBW_1,features,m3_speed_variance,FM,25.164,
HBW_1,features,m3_speed_fft_peak,FM,25.092,
HBW_1,features,m4_speed_psd_peak,FM,25.126,
HBW_1,features,m4_speed_psd_mean_energy,FM,25.145,
HBW_1,features,m4_speed_psd_peak_freq,FM,24.922,
HBW_1,features,m4_speed_rms,FM,25.098,
HBW_1,features,m4_speed_mean,FM,25.124,
HBW_1,features,m4_speed_variance,FM,25.136,
HBW_1,features,m4_speed_fft_peak,FM,25.124,
HBW_1,features,current_pos_x_psd_peak,FM,25.079,
HBW_1,features,current_pos_x_psd_mean_energy,FM,25.079,
HBW_1,features,current_pos_x_psd_peak_freq,FM,25.082,
HBW_1,features,current_pos_x_rms,FM,25.098,
HBW_1,features,current_pos_x_mean,FM,25.174,
HBW_1,features,current_pos_x_variance,FM,25.138,
HBW_1,features,current_pos_x_fft_peak,FM,25.17,
HBW_1,features,current_pos_y_psd_peak,FM,25.122,
HBW_1,features,current_pos_y_psd_mean_energy,FM,25.064,
HBW_1,features,current_pos_y_psd_peak_freq,FM,25.045,
HBW_1,features,current_pos_y_rms,FM,25.119,
HBW_1,features,current_pos_y_mean,FM,25.112,
HBW_1,features,current_pos_y_variance,FM,25.097,
HBW_1,features,current_pos_y_fft_peak,FM,25.112,
HBW_1,features,target_pos_x_psd_peak,FM,25.236,
HBW_1,features,target_pos_x_psd_mean_energy,FM,25.234,
HBW_1,features,target_pos_x_psd_peak_freq,FM,25.233,
HBW_1,features,target_pos_x_rms,FM,25.126,
HBW_1,features,target_pos_x_mean,FM,25.165,
HBW_1,features,target_pos_x_variance,FM,25.18,
HBW_1,features,target_pos_x_fft_peak,FM,25.169,
HBW_1,features,target_pos_y_psd_peak,FM,25.168,
HBW_1,features,target_pos_y_psd_mean_energy,FM,25.181,
HBW_1,features,target_pos_y_psd_peak_freq,FM,25.371,
HBW_1,features,target_pos_y_rms,FM,25.109,
HBW_1,features,target_pos_y_mean,FM,25.108,
HBW_1,features,target_pos_y_variance,FM,25.053,
HBW_1,features,target_pos_y_fft_peak,FM,25.109,
HBW_1,features,current_task_duration_psd_peak,FM,25.097,
HBW_1,features,current_task_duration_psd_mean_energy,FM,25.097,
HBW_1,features,current_task_duration_psd_peak_freq,FM,25.3,
HBW_1,features,current_task_duration_rms,FM,25.09,
HBW_1,features,current_task_duration_mean,FM,25.137,
HBW_1,features,current_task_duration_variance,FM,25.054,
HBW_1,features,current_task_duration_fft_peak,FM,25.145,
HBW_1,filtered,i4_light_barrier,ASK,11.331,0.02746
HBW_1,filtered,m1_speed,ASK,22.893,0.00581
HBW_1,filtered,m2_speed,ASK,16.989,0.11721
HBW_1,filtered,m3_speed,ASK,21.196,0.17371
HBW_1,filtered,current_task,ASK,16.361,0.00528
HBW_1,filtered,current_task_duration,ASK,-7.512,0.00053
HBW_1,filtered,current_sub_task,ASK,16.586,0.02587
HBW_1,filtered,i1_light_barrier,ASK,9.793,0.0095
HBW_1,filtered,i2_light_barrier,ASK,-inf,0.0
HBW_1,filtered,i3_light_barrier,ASK,-inf,0.0
HBW_1,filtered,i5_pos_switch,ASK,17.159,0.02006
HBW_1,filtered,i6_pos_switch,ASK,21.882,0.04171
HBW_1,filtered,i7_pos_switch,ASK,8.457,0.03643
HBW_1,filtered,i8_pos_switch,ASK,16.387,0.0264
HBW_1,filtered,m4_speed,ASK,15.227,0.07075
HBW_1,filtered,current_pos_x,ASK,18.873,0.01214
HBW_1,filtered,current_pos_y,ASK,18.577,0.01637
HBW_1,filtered,target_pos_x,ASK,18.059,0.0169
HBW_1,filtered,target_pos_y,ASK,18.284,0.01848
HBW_1,filtered,amount_of_workpieces,ASK,21.052,0.00158
HBW_1,features,m1_speed_psd_peak,ASK,5.291,0.0
HBW_1,features,m1_speed_psd_mean_energy,ASK,12.251,0.072
HBW_1,features,m1_speed_psd_peak_freq,ASK,20.282,0.152
HBW_1,features,m1_speed_rms,ASK,25.021,0.008
HBW_1,features,m1_speed_mean,ASK,25.021,0.008
HBW_1,features,m1_speed_variance,ASK,9.319,0.008
HBW_1,features,m1_speed_fft_peak,ASK,25.021,0.008
HBW_1,features,m2_speed_psd_peak,ASK,10.654,0.056
HBW_1,features,m2_speed_psd_mean_energy,ASK,12.039,0.088
HBW_1,features,m2_speed_psd_peak_freq,ASK,19.009,0.2
HBW_1,features,m2_speed_rms,ASK,24.373,0.088
HBW_1,features,m2_speed_mean,ASK,24.974,0.008
HBW_1,features,m2_speed_variance,ASK,17.164,0.16
HBW_1,features,m2_speed_fft_peak,ASK,24.974,0.008
HBW_1,features,m3_speed_psd_peak,ASK,18.63,0.2
HBW_1,features,m3_speed_psd_mean_energy,ASK,20.234,0.2
HBW_1,features,m3_speed_psd_peak_freq,ASK,23.916,0.12
HBW_1,features,m3_speed_rms,ASK,24.974,0.008
HBW_1,features,m3_speed_mean,ASK,25.021,0.008
HBW_1,features,m3_speed_variance,ASK,20.8,0.184
HBW_1,features,m3_speed_fft_peak,ASK,25.021,0.008
HBW_1,features,m4_speed_psd_peak,ASK,15.597,0.08
HBW_1,features,m4_speed_psd_mean_energy,ASK,15.237,0.08
HBW_1,features,m4_speed_psd_peak_freq,ASK,21.194,0.296
HBW_1,features,m4_speed_rms,ASK,25.021,0.008
HBW_1,features,m4_speed_mean,ASK,25.021,0.008
HBW_1,features,m4_speed_variance,ASK,18.362,0.144
HBW_1,features,m4_speed_fft_peak,ASK,25.021,0.008
HBW_1,features,current_pos_x_psd_peak,ASK,18.055,0.144
HBW_1,features,current_pos_x_psd_mean_energy,ASK,14.844,0.104
HBW_1,features,current_pos_x_psd_peak_freq,ASK,16.534,0.128
HBW_1,features,current_pos_x_rms,ASK,21.417,0.072
HBW_1,features,current_pos_x_mean,ASK,20.229,0.12
HBW_1,features,current_pos_x_variance,ASK,19.638,0.08
HBW_1,features,current_pos_x_fft_peak,ASK,20.229,0.12
HBW_1,features,current_pos_y_psd_peak,ASK,20.214,0.184
HBW_1,features,current_pos_y_psd_mean_energy,ASK,20.234,0.184
HBW_1,features,current_pos_y_psd_peak_freq,ASK,15.992,0.144
HBW_1,features,current_pos_y_rms,ASK,22.532,0.16
HBW_1,features,current_pos_y_mean,ASK,21.47,0.192
HBW_1,features,current_pos_y_variance,ASK,19.981,0.144
HBW_1,features,current_pos_y_fft_peak,ASK,21.47,0.192
HBW_1,features,target_pos_x_psd_peak,ASK,15.463,0.072
HBW_1,features,target_pos_x_psd_mean_energy,ASK,15.091,0.088
HBW_1,features,target_pos_x_psd_peak_freq,ASK,18.848,0.248
HBW_1,features,target_pos_x_rms,ASK,20.587,0.104
HBW_1,features,target_pos_x_mean,ASK,19.078,0.08
HBW_1,features,target_pos_x_variance,ASK,19.062,0.072
HBW_1,features,target_pos_x_fft_peak,ASK,19.078,0.08
HBW_1,features,target_pos_y_psd_peak,ASK,19.981,0.192
HBW_1,features,target_pos_y_psd_mean_energy,ASK,19.981,0.192
HBW_1,features,target_pos_y_psd_peak_freq,ASK,16.234,0.168
HBW_1,features,target_pos_y_rms,ASK,22.532,0.16
HBW_1,features,target_pos_y_mean,ASK,21.535,0.184
HBW_1,features,target_pos_y_variance,ASK,19.75,0.144
HBW_1,features,target_pos_y_fft_peak,ASK,21.535,0.184
HBW_1,features,current_task_duration_psd_peak,ASK,7.132,0.016
HBW_1,features,current_task_duration_psd_mean_energy,ASK,7.132,0.016
HBW_1,features,current_task_duration_psd_peak_freq,ASK,16.926,0.16
HBW_1,features,current_task_duration_rms,ASK,9.319,0.016
HBW_1,features,current_task_duration_mean,ASK,9.319,0.016
HBW_1,features,current_task_duration_variance,ASK,9.319,0.016
HBW_1,features,current_task_duration_fft_peak,ASK,9.319,0.016
HBW_1,filtered,i4_light_barrier,FSK,22.946,0.48944
HBW_1,filtered,m1_speed,FSK,22.99,0.52059
HBW_1,filtered,m2_speed,FSK,22.914,0.50739
HBW_1,filtered,m3_speed,FSK,23.004,0.49261
HBW_1,filtered,current_task,FSK,22.984,0.48627
HBW_1,filtered,current_task_duration,FSK,22.979,0.47941
HBW_1,filtered,current_sub_task,FSK,22.993,0.48944
HBW_1,filtered,i1_light_barrier,FSK,23.015,0.47413
HBW_1,filtered,i2_light_barrier,FSK,22.984,0.47888
HBW_1,filtered,i3_light_barrier,FSK,22.984,0.47888
HBW_1,filtered,i5_pos_switch,FSK,22.966,0.49102
HBW_1,filtered,i6_pos_switch,FSK,23.012,0.51267
HBW_1,filtered,i7_pos_switch,FSK,22.965,0.48152
HBW_1,filtered,i8_pos_switch,FSK,23.016,0.49102
HBW_1,filtered,m4_speed,FSK,22.954,0.48891
HBW_1,filtered,current_pos_x,FSK,22.991,0.49366
HBW_1,filtered,current_pos_y,FSK,22.97,0.49472
HBW_1,filtered,target_pos_x,FSK,22.999,0.48416
HBW_1,filtered,target_pos_y,FSK,22.975,0.49208
HBW_1,filtered,amount_of_workpieces,FSK,22.982,0.49947
HBW_1,features,m1_speed_psd_peak,FSK,25.059,0.488
HBW_1,features,m1_speed_psd_mean_energy,FSK,25.04,0.504
HBW_1,features,m1_speed_psd_peak_freq,FSK,25.024,0.504
HBW_1,features,m1_speed_rms,FSK,25.091,0.512
HBW_1,features,m1_speed_mean,FSK,25.091,0.512
HBW_1,features,m1_speed_variance,FSK,25.059,0.496
HBW_1,features,m1_speed_fft_peak,FSK,25.091,0.512
HBW_1,features,m2_speed_psd_peak,FSK,25.167,0.464
HBW_1,features,m2_speed_psd_mean_energy,FSK,25.254,0.44
HBW_1,features,m2_speed_psd_peak_freq,FSK,24.948,0.552
HBW_1,features,m2_speed_rms,FSK,25.152,0.496
HBW_1,features,m2_speed_mean,FSK,25.123,0.504
HBW_1,features,m2_speed_variance,FSK,25.155,0.44
HBW_1,features,m2_speed_fft_peak,FSK,25.123,0.504
HBW_1,features,m3_speed_psd_peak,FSK,25.079,0.504
HBW_1,features,m3_speed_psd_mean_energy,FSK,25.058,0.504
HBW_1,features,m3_speed_psd_peak_freq,FSK,25.007,0.504
HBW_1,features,m3_speed_rms,FSK,25.123,0.504
HBW_1,features,m3_speed_mean,FSK,25.091,0.512
HBW_1,features,m3_speed_variance,FSK,24.96,0.496
HBW_1,features,m3_speed_fft_peak,FSK,25.091,0.512
HBW_1,features,m4_speed_psd_peak,FSK,25.253,0.464
HBW_1,features,m4_speed_psd_mean_energy,FSK,25.336,0.448
HBW_1,features,m4_speed_psd_peak_freq,FSK,25.265,0.44
HBW_1,features,m4_speed_rms,FSK,25.091,0.512
HBW_1,features,m4_speed_mean,FSK,25.091,0.512
HBW_1,features,m4_speed_variance,FSK,25.227,0.496
HBW_1,features,m4_speed_fft_peak,FSK,25.091,0.512
HBW_1,features,current_pos_x_psd_peak,FSK,25.071,0.472
HBW_1,features,current_pos_x_psd_mean_energy,FSK,25.107,0.456
HBW_1,features,current_pos_x_psd_peak_freq,FSK,24.932,0.528
HBW_1,features,current_pos_x_rms,FSK,25.177,0.472
HBW_1,features,current_pos_x_mean,FSK,25.228,0.48
HBW_1,features,current_pos_x_variance,FSK,25.102,0.448
HBW_1,features,current_pos_x_fft_peak,FSK,25.228,0.48
HBW_1,features,current_pos_y_psd_peak,FSK,25.12,0.496
HBW_1,features,current_pos_y_psd_mean_energy,FSK,25.134,0.488
HBW_1,features,current_pos_y_psd_peak_freq,FSK,24.96,0.52
HBW_1,features,current_pos_y_rms,FSK,24.996,0.536
HBW_1,features,current_pos_y_mean,FSK,25.045,0.544
HBW_1,features,current_pos_y_variance,FSK,25.018,0.504
HBW_1,features,current_pos_y_fft_peak,FSK,25.045,0.544
HBW_1,features,target_pos_x_psd_peak,FSK,25.233,0.456
HBW_1,features,target_pos_x_psd_mean_energy,FSK,25.274,0.44
HBW_1,features,target_pos_x_psd_peak_freq,FSK,24.903,0.536
HBW_1,features,target_pos_x_rms,FSK,25.35,0.456
HBW_1,features,target_pos_x_mean,FSK,25.189,0.488
HBW_1,features,target_pos_x_variance,FSK,25.203,0.432
HBW_1,features,target_pos_x_fft_peak,FSK,25.189,0.488
HBW_1,features,target_pos_y_psd_peak,FSK,25.084,0.504
HBW_1,features,target_pos_y_psd_mean_energy,FSK,25.084,0.504
HBW_1,features,target_pos_y_psd_peak_freq,FSK,25.003,0.512
HBW_1,features,target_pos_y_rms,FSK,24.996,0.536
HBW_1,features,target_pos_y_mean,FSK,24.913,0.56
HBW_1,features,target_pos_y_variance,FSK,25.018,0.512
HBW_1,features,target_pos_y_fft_peak,FSK,24.913,0.56
HBW_1,features,current_task_duration_psd_peak,FSK,25.091,0.472
HBW_1,features,current_task_duration_psd_mean_energy,FSK,25.091,0.472
HBW_1,features,current_task_duration_psd_peak_freq,FSK,24.992,0.504
HBW_1,features,current_task_duration_rms,FSK,25.15,0.464
HBW_1,features,current_task_duration_mean,FSK,25.15,0.464
HBW_1,features,current_task_duration_variance,FSK,25.15,0.464
HBW_1,features,current_task_duration_fft_peak,FSK,25.15,0.464
HBW_1,filtered,i4_light_barrier,PSK,22.98,0.0
HBW_1,filtered,m1_speed,PSK,22.98,0.0
HBW_1,filtered,m2_speed,PSK,22.98,0.0
HBW_1,filtered,m3_speed,PSK,22.98,0.0
HBW_1,filtered,current_task,PSK,22.98,0.0
HBW_1,filtered,current_task_duration,PSK,22.98,0.0
HBW_1,filtered,current_sub_task,PSK,22.98,0.0
HBW_1,filtered,i1_light_barrier,PSK,22.98,0.0
HBW_1,filtered,i2_light_barrier,PSK,22.98,0.0
HBW_1,filtered,i3_light_barrier,PSK,22.98,0.0
HBW_1,filtered,i5_pos_switch,PSK,22.98,0.0
HBW_1,filtered,i6_pos_switch,PSK,22.98,0.0
HBW_1,filtered,i7_pos_switch,PSK,22.98,0.0
HBW_1,filtered,i8_pos_switch,PSK,22.98,0.0
HBW_1,filtered,m4_speed,PSK,22.98,0.0
HBW_1,filtered,current_pos_x,PSK,22.98,0.0
HBW_1,filtered,current_pos_y,PSK,22.98,0.0
HBW_1,filtered,target_pos_x,PSK,22.98,0.0
HBW_1,filtered,target_pos_y,PSK,22.98,0.0
HBW_1,filtered,amount_of_workpieces,PSK,22.98,0.0
HBW_1,features,m1_speed_psd_peak,PSK,25.091,0.0
HBW_1,features,m1_speed_psd_mean_energy,PSK,25.091,0.0
HBW_1,features,m1_speed_psd_peak_freq,PSK,25.091,0.0
HBW_1,features,m1_speed_rms,PSK,25.091,0.0
HBW_1,features,m1_speed_mean,PSK,25.091,0.0
HBW_1,features,m1_speed_variance,PSK,25.091,0.0
HBW_1,features,m1_speed_fft_peak,PSK,25.091,0.0
HBW_1,features,m2_speed_psd_peak,PSK,25.091,0.0
HBW_1,features,m2_speed_psd_mean_energy,PSK,25.091,0.0
HBW_1,features,m2_speed_psd_peak_freq,PSK,25.091,0.0
HBW_1,features,m2_speed_rms,PSK,25.091,0.0
HBW_1,features,m2_speed_mean,PSK,25.091,0.0
HBW_1,features,m2_speed_variance,PSK,25.091,0.0
HBW_1,features,m2_speed_fft_peak,PSK,25.091,0.0
HBW_1,features,m3_speed_psd_peak,PSK,25.091,0.0
HBW_1,features,m3_speed_psd_mean_energy,PSK,25.091,0.0
HBW_1,features,m3_speed_psd_peak_freq,PSK,25.091,0.0
HBW_1,features,m3_speed_rms,PSK,25.091,0.0
HBW_1,features,m3_speed_mean,PSK,25.091,0.0
HBW_1,features,m3_speed_variance,PSK,25.091,0.0
HBW_1,features,m3_speed_fft_peak,PSK,25.091,0.0
HBW_1,features,m4_speed_psd_peak,PSK,25.091,0.0
HBW_1,features,m4_speed_psd_mean_energy,PSK,25.091,0.0
HBW_1,features,m4_speed_psd_peak_freq,PSK,25.091,0.0
HBW_1,features,m4_speed_rms,PSK,25.091,0.0
HBW_1,features,m4_speed_mean,PSK,25.091,0.0
HBW_1,features,m4_speed_variance,PSK,25.091,0.0
HBW_1,features,m4_speed_fft_peak,PSK,25.091,0.0
HBW_1,features,current_pos_x_psd_peak,PSK,25.091,0.0
HBW_1,features,current_pos_x_psd_mean_energy,PSK,25.091,0.0
HBW_1,features,current_pos_x_psd_peak_freq,PSK,25.091,0.0
HBW_1,features,current_pos_x_rms,PSK,25.091,0.0
HBW_1,features,current_pos_x_mean,PSK,25.091,0.0
HBW_1,features,current_pos_x_variance,PSK,25.091,0.0
HBW_1,features,current_pos_x_fft_peak,PSK,25.091,0.0
HBW_1,features,current_pos_y_psd_peak,PSK,25.091,0.0
HBW_1,features,current_pos_y_psd_mean_energy,PSK,25.091,0.0
HBW_1,features,current_pos_y_psd_peak_freq,PSK,25.091,0.0
HBW_1,features,current_pos_y_rms,PSK,25.091,0.0
HBW_1,features,current_pos_y_mean,PSK,25.091,0.0
HBW_1,features,current_pos_y_variance,PSK,25.091,0.0
HBW_1,features,current_pos_y_fft_peak,PSK,25.091,0.0
HBW_1,features,target_pos_x_psd_peak,PSK,25.091,0.0
HBW_1,features,target_pos_x_psd_mean_energy,PSK,25.091,0.0
HBW_1,features,target_pos_x_psd_peak_freq,PSK,25.091,0.0
HBW_1,features,target_pos_x_rms,PSK,25.091,0.0
HBW_1,features,target_pos_x_mean,PSK,25.091,0.0
HBW_1,features,target_pos_x_variance,PSK,25.091,0.0
HBW_1,features,target_pos_x_fft_peak,PSK,25.091,0.0
HBW_1,features,target_pos_y_psd_peak,PSK,25.091,0.0
HBW_1,features,target_pos_y_psd_mean_energy,PSK,25.091,0.0
HBW_1,features,target_pos_y_psd_peak_freq,PSK,25.091,0.0
HBW_1,features,target_pos_y_rms,PSK,25.091,0.0
HBW_1,features,target_pos_y_mean,PSK,25.091,0.0
HBW_1,features,target_pos_y_variance,PSK,25.091,0.0
HBW_1,features,target_pos_y_fft_peak,PSK,25.091,0.0
HBW_1,features,current_task_duration_psd_peak,PSK,25.091,0.0
HBW_1,features,current_task_duration_psd_mean_energy,PSK,25.091,0.0
HBW_1,features,current_task_duration_psd_peak_freq,PSK,25.091,0.0
HBW_1,features,current_task_duration_rms,PSK,25.091,0.0
HBW_1,features,current_task_duration_mean,PSK,25.091,0.0
HBW_1,features,current_task_duration_variance,PSK,25.091,0.0
HBW_1,features,current_task_duration_fft_peak,PSK,25.091,0.0
MM_1,filtered,i1_pos_switch,AM,28.023,
MM_1,filtered,i2_pos_switch,AM,22.996,
MM_1,filtered,i3_pos_switch,AM,23.086,
MM_1,filtered,i4_light_barrier,AM,22.991,
MM_1,filtered,m1_speed,AM,26.209,
MM_1,filtered,m2_speed,AM,24.004,
MM_1,filtered,m3_speed,AM,27.601,
MM_1,filtered,o7_valve,AM,23.001,
MM_1,filtered,o8_compressor,AM,24.26,
MM_1,filtered,current_task,AM,23.175,
MM_1,filtered,current_task_duration,AM,23.723,
MM_1,filtered,current_sub_task,AM,23.109,
MM_1,features,m1_speed_psd_peak,AM,25.402,
MM_1,features,m1_speed_psd_mean_energy,AM,25.424,
MM_1,features,m1_speed_psd_peak_freq,AM,26.823,
MM_1,features,m1_speed_rms,AM,29.658,
MM_1,features,m1_speed_mean,AM,29.846,
MM_1,features,m1_speed_variance,AM,25.411,
MM_1,features,m1_speed_fft_peak,AM,29.846,
MM_1,features,m2_speed_psd_peak,AM,25.384,
MM_1,features,m2_speed_psd_mean_energy,AM,25.378,
MM_1,features,m2_speed_psd_peak_freq,AM,26.235,
MM_1,features,m2_speed_rms,AM,25.624,
MM_1,features,m2_speed_mean,AM,25.749,
MM_1,features,m2_speed_variance,AM,25.578,
MM_1,features,m2_speed_fft_peak,AM,25.631,
MM_1,features,m3_speed_psd_peak,AM,25.34,
MM_1,features,m3_speed_psd_mean_energy,AM,25.441,
MM_1,features,m3_speed_psd_peak_freq,AM,26.798,
MM_1,features,m3_speed_rms,AM,30.085,
MM_1,features,m3_speed_mean,AM,30.091,
MM_1,features,m3_speed_variance,AM,25.374,
MM_1,features,m3_speed_fft_peak,AM,30.091,
MM_1,features,o8_compressor_psd_peak,AM,26.13,
MM_1,features,o8_compressor_psd_mean_energy,AM,26.112,
MM_1,features,o8_compressor_psd_peak_freq,AM,27.215,
MM_1,features,o8_compressor_rms,AM,26.451,
MM_1,features,o8_compressor_mean,AM,26.11,
MM_1,features,o8_compressor_variance,AM,26.562,
MM_1,features,o8_compressor_fft_peak,AM,26.097,
MM_1,features,current_task_duration_psd_peak,AM,25.358,
MM_1,features,current_task_duration_psd_mean_energy,AM,25.362,
MM_1,features,current_task_duration_psd_peak_freq,AM,26.365,
MM_1,features,current_task_duration_rms,AM,25.745,
MM_1,features,current_task_duration_mean,AM,25.661,
MM_1,features,current_task_duration_variance,AM,25.59,
MM_1,features,current_task_duration_fft_peak,AM,25.633,
MM_1,filtered,i1_pos_switch,FM,22.981,
MM_1,filtered,i2_pos_switch,FM,22.986,
MM_1,filtered,i3_pos_switch,FM,22.982,
MM_1,filtered,i4_light_barrier,FM,22.989,
MM_1,filtered,m1_speed,FM,22.98,
MM_1,filtered,m2_speed,FM,22.978,
MM_1,filtered,m3_speed,FM,22.983,
MM_1,filtered,o7_valve,FM,22.971,
MM_1,filtered,o8_compressor,FM,22.981,
MM_1,filtered,current_task,FM,22.975,
MM_1,filtered,current_task_duration,FM,22.98,
MM_1,filtered,current_sub_task,FM,22.972,
MM_1,features,m1_speed_psd_peak,FM,25.123,
MM_1,features,m1_speed_psd_mean_energy,FM,25.097,
MM_1,features,m1_speed_psd_peak_freq,FM,25.239,
MM_1,features,m1_speed_rms,FM,25.094,
MM_1,features,m1_speed_mean,FM,25.102,
MM_1,features,m1_speed_variance,FM,25.1,
MM_1,features,m1_speed_fft_peak,FM,25.102,
MM_1,features,m2_speed_psd_peak,FM,25.123,
MM_1,features,m2_speed_psd_mean_energy,FM,25.107,
MM_1,features,m2_speed_psd_peak_freq,FM,25.138,
MM_1,features,m2_speed_rms,FM,25.137,
MM_1,features,m2_speed_mean,FM,25.11,
MM_1,features,m2_speed_variance,FM,25.148,
MM_1,features,m2_speed_fft_peak,FM,25.125,
MM_1,features,m3_speed_psd_peak,FM,25.046,
MM_1,features,m3_speed_psd_mean_energy,FM,24.998,
MM_1,features,m3_speed_psd_peak_freq,FM,25.074,
MM_1,features,m3_speed_rms,FM,25.092,
MM_1,features,m3_speed_mean,FM,25.097,
MM_1,features,m3_speed_variance,FM,25.066,
MM_1,features,m3_speed_fft_peak,FM,25.097,
MM_1,features,o8_compressor_psd_peak,FM,25.072,
MM_1,features,o8_compressor_psd_mean_energy,FM,25.105,
MM_1,features,o8_compressor_psd_peak_freq,FM,25.275,
MM_1,features,o8_compressor_rms,FM,25.102,
MM_1,features,o8_compressor_mean,FM,25.12,
MM_1,features,o8_compressor_variance,FM,25.082,
MM_1,features,o8_compressor_fft_peak,FM,25.117,
MM_1,features,current_task_duration_psd_peak,FM,25.034,
MM_1,features,current_task_duration_psd_mean_energy,FM,25.036,
MM_1,features,current_task_duration_psd_peak_freq,FM,25.003,
MM_1,features,current_task_duration_rms,FM,25.119,
MM_1,features,current_task_duration_mean,FM,25.059,
MM_1,features,current_task_duration_variance,FM,25.168,
MM_1,features,current_task_duration_fft_peak,FM,25.095,
MM_1,filtered,i1_pos_switch,ASK,22.89,0.00264
MM_1,filtered,i2_pos_switch,ASK,-4.754,0.00317
MM_1,filtered,i3_pos_switch,ASK,3.414,0.00581
MM_1,filtered,i4_light_barrier,ASK,-6.387,0.00158
MM_1,filtered,m1_speed,ASK,22.859,0.00792
MM_1,filtered,m2_speed,ASK,0.369,0.00264
MM_1,filtered,m3_speed,ASK,22.886,0.00581
MM_1,filtered,o7_valve,ASK,-3.647,0.00158
MM_1,filtered,o8_compressor,ASK,11.879,0.0169
MM_1,filtered,current_task,ASK,6.104,0.00264
MM_1,filtered,current_task_duration,ASK,4.667,0.00475
MM_1,filtered,current_sub_task,ASK,3.355,0.00634
MM_1,features,m1_speed_psd_peak,ASK,10.654,0.056
MM_1,features,m1_speed_psd_mean_energy,ASK,10.654,0.056
MM_1,features,m1_speed_psd_peak_freq,ASK,18.763,0.136
MM_1,features,m1_speed_rms,ASK,25.021,0.008
MM_1,features,m1_speed_mean,ASK,25.021,0.008
MM_1,features,m1_speed_variance,ASK,9.319,0.008
MM_1,features,m1_speed_fft_peak,ASK,25.021,0.008
MM_1,features,m2_speed_psd_peak,ASK,9.793,0.048
MM_1,features,m2_speed_psd_mean_energy,ASK,9.793,0.048
MM_1,features,m2_speed_psd_peak_freq,ASK,16.377,0.056
MM_1,features,m2_speed_rms,ASK,12.377,0.032
MM_1,features,m2_speed_mean,ASK,12.377,0.032
MM_1,features,m2_speed_variance,ASK,12.377,0.032
MM_1,features,m2_speed_fft_peak,ASK,12.377,0.032
MM_1,features,m3_speed_psd_peak,ASK,5.883,0.008
MM_1,features,m3_speed_psd_mean_energy,ASK,11.763,0.064
MM_1,features,m3_speed_psd_peak_freq,ASK,18.362,0.184
MM_1,features,m3_speed_rms,ASK,25.021,0.008
MM_1,features,m3_speed_mean,ASK,25.021,0.008
MM_1,features,m3_speed_variance,ASK,9.319,0.008
MM_1,features,m3_speed_fft_peak,ASK,25.021,0.008
MM_1,features,o8_compressor_psd_peak,ASK,16.748,0.088
MM_1,features,o8_compressor_psd_mean_energy,ASK,16.748,0.088
MM_1,features,o8_compressor_psd_peak_freq,ASK,19.544,0.208
MM_1,features,o8_compressor_rms,ASK,17.868,0.096
MM_1,features,o8_compressor_mean,ASK,15.261,0.08
MM_1,features,o8_compressor_variance,ASK,17.868,0.096
MM_1,features,o8_compressor_fft_peak,ASK,15.261,0.08
MM_1,features,current_task_duration_psd_peak,ASK,9.161,0.048
MM_1,features,current_task_duration_psd_mean_energy,ASK,10.654,0.064
MM_1,features,current_task_duration_psd_peak_freq,ASK,15.95,0.144
MM_1,features,current_task_duration_rms,ASK,14.05,0.088
MM_1,features,current_task_duration_mean,ASK,12.956,0.088
MM_1,features,current_task_duration_variance,ASK,13.965,0.088
MM_1,features,current_task_duration_fft_peak,ASK,12.956,0.088
MM_1,filtered,i1_pos_switch,FSK,22.976,0.51954
MM_1,filtered,i2_pos_switch,FSK,22.988,0.47835
MM_1,filtered,i3_pos_switch,FSK,22.99,0.47835
MM_1,filtered,i4_light_barrier,FSK,22.987,0.47782
MM_1,filtered,m1_speed,FSK,22.977,0.51954
MM_1,filtered,m2_speed,FSK,22.988,0.47888
MM_1,filtered,m3_speed,FSK,22.978,0.52059
MM_1,filtered,o7_valve,FSK,22.99,0.47888
MM_1,filtered,o8_compressor,FSK,22.949,0.48786
MM_1,filtered,current_task,FSK,22.989,0.48099
MM_1,filtered,current_task_duration,FSK,22.981,0.48152
MM_1,filtered,current_sub_task,FSK,22.986,0.47888
MM_1,features,m1_speed_psd_peak,FSK,24.977,0.496
MM_1,features,m1_speed_psd_mean_energy,FSK,24.977,0.496
MM_1,features,m1_speed_psd_peak_freq,FSK,24.952,0.552
MM_1,features,m1_speed_rms,FSK,25.091,0.512
MM_1,features,m1_speed_mean,FSK,25.091,0.512
MM_1,features,m1_speed_variance,FSK,25.059,0.496
MM_1,features,m1_speed_fft_peak,FSK,25.091,0.512
MM_1,features,m2_speed_psd_peak,FSK,25.004,0.496
MM_1,features,m2_speed_psd_mean_energy,FSK,25.004,0.496
MM_1,features,m2_speed_psd_peak_freq,FSK,25.235,0.456
MM_1,features,m2_speed_rms,FSK,24.906,0.512
MM_1,features,m2_speed_mean,FSK,24.906,0.512
MM_1,features,m2_speed_variance,FSK,24.906,0.512
MM_1,features,m2_speed_fft_peak,FSK,24.906,0.512
MM_1,features,m3_speed_psd_peak,FSK,25.027,0.496
MM_1,features,m3_speed_psd_mean_energy,FSK,24.897,0.52
MM_1,features,m3_speed_psd_peak_freq,FSK,25.048,0.52
MM_1,features,m3_speed_rms,FSK,25.091,0.512
MM_1,features,m3_speed_mean,FSK,25.091,0.512
MM_1,features,m3_speed_variance,FSK,25.059,0.496
MM_1,features,m3_speed_fft_peak,FSK,25.091,0.512
MM_1,features,o8_compressor_psd_peak,FSK,25.129,0.504
MM_1,features,o8_compressor_psd_mean_energy,FSK,25.129,0.504
MM_1,features,o8_compressor_psd_peak_freq,FSK,25.248,0.48
MM_1,features,o8_compressor_rms,FSK,25.067,0.496
MM_1,features,o8_compressor_mean,FSK,24.948,0.512
MM_1,features,o8_compressor_variance,FSK,25.067,0.496
MM_1,features,o8_compressor_fft_peak,FSK,24.948,0.512
MM_1,features,current_task_duration_psd_peak,FSK,24.96,0.504
MM_1,features,current_task_duration_psd_mean_energy,FSK,24.927,0.512
MM_1,features,current_task_duration_psd_peak_freq,FSK,25.112,0.496
MM_1,features,current_task_duration_rms,FSK,24.91,0.504
MM_1,features,current_task_duration_mean,FSK,24.946,0.504
MM_1,features,current_task_duration_variance,FSK,24.946,0.496
MM_1,features,current_task_duration_fft_peak,FSK,24.946,0.504
MM_1,filtered,i1_pos_switch,PSK,22.98,0.0
MM_1,filtered,i2_pos_switch,PSK,22.98,0.0
MM_1,filtered,i3_pos_switch,PSK,22.98,0.0
MM_1,filtered,i4_light_barrier,PSK,22.98,0.0
MM_1,filtered,m1_speed,PSK,22.98,0.0
MM_1,filtered,m2_speed,PSK,22.98,0.0
MM_1,filtered,m3_speed,PSK,22.98,0.0
MM_1,filtered,o7_valve,PSK,22.98,0.0
MM_1,filtered,o8_compressor,PSK,22.98,0.0
MM_1,filtered,current_task,PSK,22.98,0.0
MM_1,filtered,current_task_duration,PSK,22.98,0.0
MM_1,filtered,current_sub_task,PSK,22.98,0.0
MM_1,features,m1_speed_psd_peak,PSK,25.091,0.0
MM_1,features,m1_speed_psd_mean_energy,PSK,25.091,0.0
MM_1,features,m1_speed_psd_peak_freq,PSK,25.091,0.0
MM_1,features,m1_speed_rms,PSK,25.091,0.0
MM_1,features,m1_speed_mean,PSK,25.091,0.0
MM_1,features,m1_speed_variance,PSK,25.091,0.0
MM_1,features,m1_speed_fft_peak,PSK,25.091,0.0
MM_1,features,m2_speed_psd_peak,PSK,25.091,0.0
MM_1,features,m2_speed_psd_mean_energy,PSK,25.091,0.0
MM_1,features,m2_speed_psd_peak_freq,PSK,25.091,0.0
MM_1,features,m2_speed_rms,PSK,25.091,0.0
MM_1,features,m2_speed_mean,PSK,25.091,0.0
MM_1,features,m2_speed_variance,PSK,25.091,0.0
MM_1,features,m2_speed_fft_peak,PSK,25.091,0.0
MM_1,features,m3_speed_psd_peak,PSK,25.091,0.0
MM_1,features,m3_speed_psd_mean_energy,PSK,25.091,0.0
MM_1,features,m3_speed_psd_peak_freq,PSK,25.091,0.0
MM_1,features,m3_speed_rms,PSK,25.091,0.0
MM_1,features,m3_speed_mean,PSK,25.091,0.0
MM_1,features,m3_speed_variance,PSK,25.091,0.0
MM_1,features,m3_speed_fft_peak,PSK,25.091,0.0
MM_1,features,o8_compressor_psd_peak,PSK,25.091,0.0
MM_1,features,o8_compressor_psd_mean_energy,PSK,25.091,0.0
MM_1,features,o8_compressor_psd_peak_freq,PSK,25.091,0.0
MM_1,features,o8_compressor_rms,PSK,25.091,0.0
MM_1,features,o8_compressor_mean,PSK,25.091,0.0
MM_1,features,o8_compressor_variance,PSK,25.091,0.0
MM_1,features,o8_compressor_fft_peak,PSK,25.091,0.0
MM_1,features,current_task_duration_psd_peak,PSK,25.091,0.0
MM_1,features,current_task_duration_psd_mean_energy,PSK,25.091,0.0
MM_1,features,current_task_duration_psd_peak_freq,PSK,25.091,0.0
MM_1,features,current_task_duration_rms,PSK,25.091,0.0
MM_1,features,current_task_duration_mean,PSK,25.091,0.0
MM_1,features,current_task_duration_variance,PSK,25.091,0.0
MM_1,features,current_task_duration_fft_peak,PSK,25.091,0.0
OV_1,filtered,i1_pos_switch,AM,23.297,
OV_1,filtered,i2_pos_switch,AM,23.057,
OV_1,filtered,m1_speed,AM,25.941,
OV_1,filtered,o7_valve,AM,23.246,
OV_1,filtered,o8_compressor,AM,24.038,
OV_1,filtered,current_task,AM,23.797,
OV_1,filtered,current_task_duration,AM,23.975,
OV_1,filtered,current_sub_task,AM,23.569,
OV_1,filtered,i5_light_barrier,AM,23.063,
OV_1,features,m1_speed_psd_peak,AM,25.523,
OV_1,features,m1_speed_psd_mean_energy,AM,25.428,
OV_1,features,m1_speed_psd_peak_freq,AM,27.304,
OV_1,features,m1_speed_rms,AM,29.403,
OV_1,features,m1_speed_mean,AM,29.688,
OV_1,features,m1_speed_variance,AM,25.583,
OV_1,features,m1_speed_fft_peak,AM,29.688,
OV_1,features,o8_compressor_psd_peak,AM,25.779,
OV_1,features,o8_compressor_psd_mean_energy,AM,25.798,
OV_1,features,o8_compressor_psd_peak_freq,AM,26.612,
OV_1,features,o8_compressor_rms,AM,26.473,
OV_1,features,o8_compressor_mean,AM,26.662,
OV_1,features,o8_compressor_variance,AM,26.397,
OV_1,features,o8_compressor_fft_peak,AM,26.405,
OV_1,features,current_task_duration_psd_peak,AM,25.718,
OV_1,features,current_task_duration_psd_mean_energy,AM,25.774,
OV_1,features,current_task_duration_psd_peak_freq,AM,26.791,
OV_1,features,current_task_duration_rms,AM,26.358,
OV_1,features,current_task_duration_mean,AM,26.107,
OV_1,features,current_task_duration_variance,AM,26.067,
OV_1,features,current_task_duration_fft_peak,AM,26.081,
OV_1,filtered,i1_pos_switch,FM,22.992,
OV_1,filtered,i2_pos_switch,FM,22.99,
OV_1,filtered,m1_speed,FM,22.989,
OV_1,filtered,o7_valve,FM,22.996,
OV_1,filtered,o8_compressor,FM,22.986,
OV_1,filtered,current_task,FM,22.995,
OV_1,filtered,current_task_duration,FM,22.992,
OV_1,filtered,current_sub_task,FM,22.992,
OV_1,filtered,i5_light_barrier,FM,22.99,
OV_1,features,m1_speed_psd_peak,FM,25.237,
OV_1,features,m1_speed_psd_mean_energy,FM,25.042,
OV_1,features,m1_speed_psd_peak_freq,FM,25.049,
OV_1,features,m1_speed_rms,FM,25.105,
OV_1,features,m1_speed_mean,FM,25.114,
OV_1,features,m1_speed_variance,FM,25.08,
OV_1,features,m1_speed_fft_peak,FM,25.114,
OV_1,features,o8_compressor_psd_peak,FM,25.226,
OV_1,features,o8_compressor_psd_mean_energy,FM,25.231,
OV_1,features,o8_compressor_psd_peak_freq,FM,25.204,
OV_1,features,o8_compressor_rms,FM,25.142,
OV_1,features,o8_compressor_mean,FM,25.157,
OV_1,features,o8_compressor_variance,FM,25.044,
OV_1,features,o8_compressor_fft_peak,FM,24.999,
OV_1,features,current_task_duration_psd_peak,FM,25.129,
OV_1,features,current_task_duration_psd_mean_energy,FM,25.026,
OV_1,features,current_task_duration_psd_peak_freq,FM,25.054,
OV_1,features,current_task_duration_rms,FM,25.104,
OV_1,features,current_task_duration_mean,FM,25.125,
OV_1,features,current_task_duration_variance,FM,25.083,
OV_1,features,current_task_duration_fft_peak,FM,25.108,
OV_1,filtered,i1_pos_switch,ASK,8.133,0.0074
OV_1,filtered,i2_pos_switch,ASK,1.42,0.00528
OV_1,filtered,m1_speed,ASK,22.667,0.03539
OV_1,filtered,o7_valve,ASK,7.325,0.01585
OV_1,filtered,o8_compressor,ASK,2.861,0.00423
OV_1,filtered,current_task,ASK,11.027,0.00475
OV_1,filtered,current_task_duration,ASK,10.876,0.0074
OV_1,filtered,current_sub_task,ASK,11.62,0.01585
OV_1,filtered,i5_light_barrier,ASK,1.773,0.00898
OV_1,features,m1_speed_psd_peak,ASK,12.83,0.04
OV_1,features,m1_speed_psd_mean_energy,ASK,5.883,0.016
OV_1,features,m1_speed_psd_peak_freq,ASK,19.884,0.176
OV_1,features,m1_speed_rms,ASK,25.021,0.008
OV_1,features,m1_speed_mean,ASK,25.021,0.008
OV_1,features,m1_speed_variance,ASK,9.562,0.024
OV_1,features,m1_speed_fft_peak,ASK,25.021,0.008
OV_1,features,o8_compressor_psd_peak,ASK,14.352,0.064
OV_1,features,o8_compressor_psd_mean_energy,ASK,14.352,0.064
OV_1,features,o8_compressor_psd_peak_freq,ASK,18.154,0.128
OV_1,features,o8_compressor_rms,ASK,17.455,0.072
OV_1,features,o8_compressor_mean,ASK,17.032,0.072
OV_1,features,o8_compressor_variance,ASK,17.032,0.072
OV_1,features,o8_compressor_fft_peak,ASK,17.455,0.072
OV_1,features,current_task_duration_psd_peak,ASK,11.431,0.08
OV_1,features,current_task_duration_psd_mean_energy,ASK,13.153,0.08
OV_1,features,current_task_duration_psd_peak_freq,ASK,16.111,0.16
OV_1,features,current_task_duration_rms,ASK,17.902,0.096
OV_1,features,current_task_duration_mean,ASK,15.735,0.08
OV_1,features,current_task_duration_variance,ASK,15.992,0.088
OV_1,features,current_task_duration_fft_peak,ASK,15.735,0.08
OV_1,filtered,i1_pos_switch,FSK,22.99,0.48442
OV_1,filtered,i2_pos_switch,FSK,22.984,0.48125
OV_1,filtered,m1_speed,FSK,22.98,0.51928
OV_1,filtered,o7_valve,FSK,22.991,0.48336
OV_1,filtered,o8_compressor,FSK,22.985,0.48125
OV_1,filtered,current_task,FSK,23.001,0.47596
OV_1,filtered,current_task_duration,FSK,23.01,0.47755
OV_1,filtered,current_sub_task,FSK,22.995,0.47702
OV_1,filtered,i5_light_barrier,FSK,22.992,0.47966
OV_1,features,m1_speed_psd_peak,FSK,24.994,0.512
OV_1,features,m1_speed_psd_mean_energy,FSK,25.123,0.48
OV_1,features,m1_speed_psd_peak_freq,FSK,24.899,0.56
OV_1,features,m1_speed_rms,FSK,25.091,0.512
OV_1,features,m1_speed_mean,FSK,25.091,0.512
OV_1,features,m1_speed_variance,FSK,25.1,0.488
OV_1,features,m1_speed_fft_peak,FSK,25.091,0.512
OV_1,features,o8_compressor_psd_peak,FSK,25.214,0.488
OV_1,features,o8_compressor_psd_mean_energy,FSK,25.214,0.488
OV_1,features,o8_compressor_psd_peak_freq,FSK,25.234,0.488
OV_1,features,o8_compressor_rms,FSK,25.136,0.488
OV_1,features,o8_compressor_mean,FSK,25.136,0.496
OV_1,features,o8_compressor_variance,FSK,25.136,0.496
OV_1,features,o8_compressor_fft_peak,FSK,25.136,0.488
OV_1,features,current_task_duration_psd_peak,FSK,24.981,0.504
OV_1,features,current_task_duration_psd_mean_energy,FSK,24.975,0.504
OV_1,features,current_task_duration_psd_peak_freq,FSK,25.048,0.488
OV_1,features,current_task_duration_rms,FSK,25.032,0.504
OV_1,features,current_task_duration_mean,FSK,25.01,0.496
OV_1,features,current_task_duration_variance,FSK,25.063,0.488
OV_1,features,current_task_duration_fft_peak,FSK,25.01,0.496
OV_1,filtered,i1_pos_switch,PSK,22.99,0.0
OV_1,filtered,i2_pos_switch,PSK,22.99,0.0
OV_1,filtered,m1_speed,PSK,22.99,0.0
OV_1,filtered,o7_valve,PSK,22.99,0.0
OV_1,filtered,o8_compressor,PSK,22.99,0.0
OV_1,filtered,current_task,PSK,22.99,0.0
OV_1,filtered,current_task_duration,PSK,22.99,0.0
OV_1,filtered,current_sub_task,PSK,22.99,0.0
OV_1,filtered,i5_light_barrier,PSK,22.99,0.0
OV_1,features,m1_speed_psd_peak,PSK,25.091,0.0
OV_1,features,m1_speed_psd_mean_energy,PSK,25.091,0.0
OV_1,features,m1_speed_psd_peak_freq,PSK,25.091,0.0
OV_1,features,m1_speed_rms,PSK,25.091,0.0
OV_1,features,m1_speed_mean,PSK,25.091,0.0
OV_1,features,m1_speed_variance,PSK,25.091,0.0
OV_1,features,m1_speed_fft_peak,PSK,25.091,0.0
OV_1,features,o8_compressor_psd_peak,PSK,25.091,0.0
OV_1,features,o8_compressor_psd_mean_energy,PSK,25.091,0.0
OV_1,features,o8_compressor_psd_peak_freq,PSK,25.091,0.0
OV_1,features,o8_compressor_rms,PSK,25.091,0.0
OV_1,features,o8_compressor_mean,PSK,25.091,0.0
OV_1,features,o8_compressor_variance,PSK,25.091,0.0
OV_1,features,o8_compressor_fft_peak,PSK,25.091,0.0
OV_1,features,current_task_duration_psd_peak,PSK,25.091,0.0
OV_1,features,current_task_duration_psd_mean_energy,PSK,25.091,0.0
OV_1,features,current_task_duration_psd_peak_freq,PSK,25.091,0.0
OV_1,features,current_task_duration_rms,PSK,25.091,0.0
OV_1,features,current_task_duration_mean,PSK,25.091,0.0
OV_1,features,current_task_duration_variance,PSK,25.091,0.0
OV_1,features,current_task_duration_fft_peak,PSK,25.091,0.0
SM_1,filtered,m1_speed,AM,27.637,
SM_1,filtered,o7_valve,AM,23.0,
SM_1,filtered,o8_compressor,AM,24.01,
SM_1,filtered,current_task,AM,23.339,
SM_1,filtered,current_task_duration,AM,23.687,
SM_1,filtered,current_sub_task,AM,23.113,
SM_1,filtered,i1_light_barrier,AM,23.1,
SM_1,filtered,i3_light_barrier,AM,23.052,
SM_1,filtered,i2_color_sensor,AM,27.601,
SM_1,filtered,i6_light_barrier,AM,23.128,
SM_1,filtered,i7_light_barrier,AM,23.032,
SM_1,filtered,i8_light_barrier,AM,23.06,
SM_1,filtered,o5_valve,AM,23.0,
SM_1,features,m1_speed_psd_peak,AM,25.475,
SM_1,features,m1_speed_psd_mean_energy,AM,25.48,
SM_1,features,m1_speed_psd_peak_freq,AM,26.645,
SM_1,features,m1_speed_rms,AM,30.022,
SM_1,features,m1_speed_mean,AM,30.003,
SM_1,features,m1_speed_variance,AM,25.938,
SM_1,features,m1_speed_fft_peak,AM,30.003,
SM_1,features,o8_compressor_psd_peak,AM,25.206,
SM_1,features,o8_compressor_psd_mean_energy,AM,25.208,
SM_1,features,o8_compressor_psd_peak_freq,AM,25.69,
SM_1,features,o8_compressor_rms,AM,25.39,
SM_1,features,o8_compressor_mean,AM,25.348,
SM_1,features,o8_compressor_variance,AM,25.35,
SM_1,features,o8_compressor_fft_peak,AM,25.39,
SM_1,features,current_task_duration_psd_peak,AM,25.353,
SM_1,features,current_task_duration_psd_mean_energy,AM,25.36,
SM_1,features,current_task_duration_psd_peak_freq,AM,26.347,
SM_1,features,current_task_duration_rms,AM,25.528,
SM_1,features,current_task_duration_mean,AM,25.416,
SM_1,features,current_task_duration_variance,AM,25.388,
SM_1,features,current_task_duration_fft_peak,AM,25.409,
SM_1,filtered,m1_speed,FM,22.986,
SM_1,filtered,o7_valve,FM,22.986,
SM_1,filtered,o8_compressor,FM,22.989,
SM_1,filtered,current_task,FM,22.99,
SM_1,filtered,current_task_duration,FM,22.988,
SM_1,filtered,current_sub_task,FM,22.985,
SM_1,filtered,i1_light_barrier,FM,22.99,
SM_1,filtered,i3_light_barrier,FM,22.996,
SM_1,filtered,i2_color_sensor,FM,22.985,
SM_1,filtered,i6_light_barrier,FM,22.99,
SM_1,filtered,i7_light_barrier,FM,22.99,
SM_1,filtered,i8_light_barrier,FM,22.988,
SM_1,filtered,o5_valve,FM,22.986,
SM_1,features,m1_speed_psd_peak,FM,25.08,
SM_1,features,m1_speed_psd_mean_energy,FM,25.12,
SM_1,features,m1_speed_psd_peak_freq,FM,24.982,
SM_1,features,m1_speed_rms,FM,25.1,
SM_1,features,m1_speed_mean,FM,25.127,
SM_1,features,m1_speed_variance,FM,25.135,
SM_1,features,m1_speed_fft_peak,FM,25.127,
SM_1,features,o8_compressor_psd_peak,FM,25.058,
SM_1,features,o8_compressor_psd_mean_energy,FM,25.048,
SM_1,features,o8_compressor_psd_peak_freq,FM,25.153,
SM_1,features,o8_compressor_rms,FM,25.025,
SM_1,features,o8_compressor_mean,FM,25.061,
SM_1,features,o8_compressor_variance,FM,25.057,
SM_1,features,o8_compressor_fft_peak,FM,25.023,
SM_1,features,current_task_duration_psd_peak,FM,25.135,
SM_1,features,current_task_duration_psd_mean_energy,FM,25.149,
SM_1,features,current_task_duration_psd_peak_freq,FM,25.097,
SM_1,features,current_task_duration_rms,FM,25.109,
SM_1,features,current_task_duration_mean,FM,25.076,
SM_1,features,current_task_duration_variance,FM,25.221,
SM_1,features,current_task_duration_fft_peak,FM,25.101,
SM_1,filtered,m1_speed,ASK,22.779,0.00581
SM_1,filtered,o7_valve,ASK,-6.773,0.00106
SM_1,filtered,o8_compressor,ASK,-0.128,0.00211
SM_1,filtered,current_task,ASK,8.722,0.00423
SM_1,filtered,current_task_duration,ASK,3.798,0.00423
SM_1,filtered,current_sub_task,ASK,3.36,0.0037
SM_1,filtered,i1_light_barrier,ASK,3.603,0.00475
SM_1,filtered,i3_light_barrier,ASK,1.051,0.00264
SM_1,filtered,i2_color_sensor,ASK,22.984,0.00158
SM_1,filtered,i6_light_barrier,ASK,4.599,0.00211
SM_1,filtered,i7_light_barrier,ASK,-0.587,0.00053
SM_1,filtered,i8_light_barrier,ASK,1.642,0.0
SM_1,filtered,o5_valve,ASK,-6.773,0.00106
SM_1,features,m1_speed_psd_peak,ASK,11.008,0.064
SM_1,features,m1_speed_psd_mean_energy,ASK,12.618,0.072
SM_1,features,m1_speed_psd_peak_freq,ASK,16.909,0.184
SM_1,features,m1_speed_rms,ASK,25.021,0.008
SM_1,features,m1_speed_mean,ASK,25.014,0.016
SM_1,features,m1_speed_variance,ASK,15.992,0.096
SM_1,features,m1_speed_fft_peak,ASK,25.014,0.016
SM_1,features,o8_compressor_psd_peak,ASK,5.883,0.016
SM_1,features,o8_compressor_psd_mean_energy,ASK,5.883,0.016
SM_1,features,o8_compressor_psd_peak_freq,ASK,13.416,0.032
SM_1,features,o8_compressor_rms,ASK,11.111,0.016
SM_1,features,o8_compressor_mean,ASK,8.893,0.016
SM_1,features,o8_compressor_variance,ASK,8.893,0.016
SM_1,features,o8_compressor_fft_peak,ASK,11.111,0.016
SM_1,features,current_task_duration_psd_peak,ASK,11.111,0.04
SM_1,features,current_task_duration_psd_mean_energy,ASK,11.274,0.048
SM_1,features,current_task_duration_psd_peak_freq,ASK,15.583,0.136
SM_1,features,current_task_duration_rms,ASK,11.111,0.032
SM_1,features,current_task_duration_mean,ASK,5.883,0.008
SM_1,features,current_task_duration_variance,ASK,5.883,0.008
SM_1,features,current_task_duration_fft_peak,ASK,5.883,0.008
SM_1,filtered,m1_speed,FSK,22.983,0.52245
SM_1,filtered,o7_valve,FSK,22.992,0.47808
SM_1,filtered,o8_compressor,FSK,22.994,0.47966
SM_1,filtered,current_task,FSK,22.995,0.48125
SM_1,filtered,current_task_duration,FSK,22.996,0.47385
SM_1,filtered,current_sub_task,FSK,22.994,0.47702
SM_1,filtered,i1_light_barrier,FSK,22.984,0.48177
SM_1,filtered,i3_light_barrier,FSK,22.993,0.47808
SM_1,filtered,i2_color_sensor,FSK,22.988,0.52139
SM_1,filtered,i6_light_barrier,FSK,22.986,0.47861
SM_1,filtered,i7_light_barrier,FSK,22.99,0.47913
SM_1,filtered,i8_light_barrier,FSK,22.991,0.47702
SM_1,filtered,o5_valve,FSK,22.992,0.47913
SM_1,features,m1_speed_psd_peak,FSK,24.907,0.512
SM_1,features,m1_speed_psd_mean_energy,FSK,24.922,0.496
SM_1,features,m1_speed_psd_peak_freq,FSK,25.086,0.504
SM_1,features,m1_speed_rms,FSK,25.091,0.512
SM_1,features,m1_speed_mean,FSK,25.076,0.52
SM_1,features,m1_speed_variance,FSK,24.937,0.52
SM_1,features,m1_speed_fft_peak,FSK,25.076,0.52
SM_1,features,o8_compressor_psd_peak,FSK,25.048,0.496
SM_1,features,o8_compressor_psd_mean_energy,FSK,25.048,0.496
SM_1,features,o8_compressor_psd_peak_freq,FSK,25.085,0.512
SM_1,features,o8_compressor_rms,FSK,25.031,0.504
SM_1,features,o8_compressor_mean,FSK,25.031,0.496
SM_1,features,o8_compressor_variance,FSK,25.031,0.496
SM_1,features,o8_compressor_fft_peak,FSK,25.031,0.504
SM_1,features,current_task_duration_psd_peak,FSK,25.055,0.488
SM_1,features,current_task_duration_psd_mean_energy,FSK,25.02,0.496
SM_1,features,current_task_duration_psd_peak_freq,FSK,24.985,0.512
SM_1,features,current_task_duration_rms,FSK,25.0,0.488
SM_1,features,current_task_duration_mean,FSK,25.098,0.48
SM_1,features,current_task_duration_variance,FSK,25.098,0.48
SM_1,features,current_task_duration_fft_peak,FSK,25.098,0.48
SM_1,filtered,m1_speed,PSK,22.99,0.0
SM_1,filtered,o7_valve,PSK,22.99,0.0
SM_1,filtered,o8_compressor,PSK,22.99,0.0
SM_1,filtered,current_task,PSK,22.99,0.0
SM_1,filtered,current_task_duration,PSK,22.99,0.0
SM_1,filtered,current_sub_task,PSK,22.99,0.0
SM_1,filtered,i1_light_barrier,PSK,22.99,0.0
SM_1,filtered,i3_light_barrier,PSK,22.99,0.0
SM_1,filtered,i2_color_sensor,PSK,22.99,0.0
SM_1,filtered,i6_light_barrier,PSK,22.99,0.0
SM_1,filtered,i7_light_barrier,PSK,22.99,0.0
SM_1,filtered,i8_light_barrier,PSK,22.99,0.0
SM_1,filtered,o5_valve,PSK,22.99,0.0
SM_1,features,m1_speed_psd_peak,PSK,25.091,0.0
SM_1,features,m1_speed_psd_mean_energy,PSK,25.091,0.0
SM_1,features,m1_speed_psd_peak_freq,PSK,25.091,0.0
SM_1,features,m1_speed_rms,PSK,25.091,0.0
SM_1,features,m1_speed_mean,PSK,25.091,0.0
SM_1,features,m1_speed_variance,PSK,25.091,0.0
SM_1,features,m1_speed_fft_peak,PSK,25.091,0.0
SM_1,features,o8_compressor_psd_peak,PSK,25.091,0.0
SM_1,features,o8_compressor_psd_mean_energy,PSK,25.091,0.0
SM_1,features,o8_compressor_psd_peak_freq,PSK,25.091,0.0
SM_1,features,o8_compressor_rms,PSK,25.091,0.0
SM_1,features,o8_compressor_mean,PSK,25.091,0.0
SM_1,features,o8_compressor_variance,PSK,25.091,0.0
SM_1,features,o8_compressor_fft_peak,PSK,25.091,0.0
SM_1,features,current_task_duration_psd_peak,PSK,25.091,0.0
SM_1,features,current_task_duration_psd_mean_energy,PSK,25.091,0.0
SM_1,features,current_task_duration_psd_peak_freq,PSK,25.091,0.0
SM_1,features,current_task_duration_rms,PSK,25.091,0.0
SM_1,features,current_task_duration_mean,PSK,25.091,0.0
SM_1,features,current_task_duration_variance,PSK,25.091,0.0
SM_1,features,current_task_duration_fft_peak,PSK,25.091,0.0
VGR_1,filtered,i1_pos_switch,AM,25.379,
VGR_1,filtered,i2_pos_switch,AM,26.724,
VGR_1,filtered,i3_pos_switch,AM,26.344,
VGR_1,filtered,i4_light_barrier,AM,23.124,
VGR_1,filtered,m1_speed,AM,25.952,
VGR_1,filtered,m2_speed,AM,25.817,
VGR_1,filtered,m3_speed,AM,25.848,
VGR_1,filtered,current_task,AM,24.336,
VGR_1,filtered,current_task_duration,AM,24.464,
VGR_1,filtered,current_sub_task,AM,24.146,
VGR_1,filtered,current_pos_x,AM,24.782,
VGR_1,filtered,current_pos_y,AM,24.303,
VGR_1,filtered,target_pos_x,AM,25.433,
VGR_1,filtered,target_pos_y,AM,24.263,
VGR_1,filtered,i7_light_barrier,AM,23.313,
VGR_1,filtered,i8_color_sensor,AM,27.69,
VGR_1,filtered,o7_compressor_level,AM,25.425,
VGR_1,filtered,o8_valve_open,AM,28.061,
VGR_1,filtered,current_pos_z,AM,24.102,
VGR_1,filtered,target_pos_z,AM,24.304,
VGR_1,features,m1_speed_psd_peak,AM,27.056,
VGR_1,features,m1_speed_psd_mean_energy,AM,27.225,
VGR_1,features,m1_speed_psd_peak_freq,AM,28.172,
VGR_1,features,m1_speed_rms,AM,29.317,
VGR_1,features,m1_speed_mean,AM,29.507,
VGR_1,features,m1_speed_variance,AM,27.565,
VGR_1,features,m1_speed_fft_peak,AM,29.507,
VGR_1,features,m2_speed_psd_peak,AM,26.116,
VGR_1,features,m2_speed_psd_mean_energy,AM,26.209,
VGR_1,features,m2_speed_psd_peak_freq,AM,29.332,
VGR_1,features,m2_speed_rms,AM,28.947,
VGR_1,features,m2_speed_mean,AM,29.427,
VGR_1,features,m2_speed_variance,AM,26.649,
VGR_1,features,m2_speed_fft_peak,AM,29.427,
VGR_1,features,m3_speed_psd_peak,AM,26.217,
VGR_1,features,m3_speed_psd_mean_energy,AM,26.321,
VGR_1,features,m3_speed_psd_peak_freq,AM,28.817,
VGR_1,features,m3_speed_rms,AM,29.089,
VGR_1,features,m3_speed_mean,AM,29.598,
VGR_1,features,m3_speed_variance,AM,26.535,
VGR_1,features,m3_speed_fft_peak,AM,29.598,
VGR_1,features,current_pos_x_psd_peak,AM,25.899,
VGR_1,features,current_pos_x_psd_mean_energy,AM,25.988,
VGR_1,features,current_pos_x_psd_peak_freq,AM,27.66,
VGR_1,features,current_pos_x_rms,AM,27.005,
VGR_1,features,current_pos_x_mean,AM,26.707,
VGR_1,features,current_pos_x_variance,AM,26.111,
VGR_1,features,current_pos_x_fft_peak,AM,26.701,
VGR_1,features,current_pos_y_psd_peak,AM,26.425,
VGR_1,features,current_pos_y_psd_mean_energy,AM,26.528,
VGR_1,features,current_pos_y_psd_peak_freq,AM,28.291,
VGR_1,features,current_pos_y_rms,AM,27.207,
VGR_1,features,current_pos_y_mean,AM,26.926,
VGR_1,features,current_pos_y_variance,AM,26.675,
VGR_1,features,current_pos_y_fft_peak,AM,26.893,
VGR_1,features,current_pos_z_psd_peak,AM,26.069,
VGR_1,features,current_pos_z_psd_mean_energy,AM,26.153,
VGR_1,features,current_pos_z_psd_peak_freq,AM,27.841,
VGR_1,features,current_pos_z_rms,AM,27.316,
VGR_1,features,current_pos_z_mean,AM,27.253,
VGR_1,features,current_pos_z_variance,AM,26.509,
VGR_1,features,current_pos_z_fft_peak,AM,27.249,
VGR_1,features,target_pos_x_psd_peak,AM,26.833,
VGR_1,features,target_pos_x_psd_mean_energy,AM,26.972,
VGR_1,features,target_pos_x_psd_peak_freq,AM,27.927,
VGR_1,features,target_pos_x_rms,AM,27.968,
VGR_1,features,target_pos_x_mean,AM,27.453,
VGR_1,features,target_pos_x_variance,AM,27.632,
VGR_1,features,target_pos_x_fft_peak,AM,27.442,
VGR_1,features,target_pos_y_psd_peak,AM,25.592,
VGR_1,features,target_pos_y_psd_mean_energy,AM,25.571,
VGR_1,features,target_pos_y_psd_peak_freq,AM,28.551,
VGR_1,features,target_pos_y_rms,AM,26.933,
VGR_1,features,target_pos_y_mean,AM,27.301,
VGR_1,features,target_pos_y_variance,AM,25.963,
VGR_1,features,target_pos_y_fft_peak,AM,27.206,
VGR_1,features,target_pos_z_psd_peak,AM,26.053,
VGR_1,features,target_pos_z_psd_mean_energy,AM,26.051,
VGR_1,features,target_pos_z_psd_peak_freq,AM,27.998,
VGR_1,features,target_pos_z_rms,AM,27.312,
VGR_1,features,target_pos_z_mean,AM,27.666,
VGR_1,features,target_pos_z_variance,AM,26.195,
VGR_1,features,target_pos_z_fft_peak,AM,27.651,
VGR_1,features,current_task_duration_psd_peak,AM,26.766,
VGR_1,features,current_task_duration_psd_mean_energy,AM,26.752,
VGR_1,features,current_task_duration_psd_peak_freq,AM,27.697,
VGR_1,features,current_task_duration_rms,AM,27.828,
VGR_1,features,current_task_duration_mean,AM,27.286,
VGR_1,features,current_task_duration_variance,AM,27.491,
VGR_1,features,current_task_duration_fft_peak,AM,27.275,
VGR_1,filtered,i1_pos_switch,FM,22.984,
VGR_1,filtered,i2_pos_switch,FM,22.979,
VGR_1,filtered,i3_pos_switch,FM,22.986,
VGR_1,filtered,i4_light_barrier,FM,22.988,
VGR_1,filtered,m1_speed,FM,22.989,
VGR_1,filtered,m2_speed,FM,22.987,
VGR_1,filtered,m3_speed,FM,22.99,
VGR_1,filtered,current_task,FM,23.0,
VGR_1,filtered,current_task_duration,FM,22.988,
VGR_1,filtered,current_sub_task,FM,22.999,
VGR_1,filtered,current_pos_x,FM,22.99,
VGR_1,filtered,current_pos_y,FM,22.991,
VGR_1,filtered,target_pos_x,FM,22.988,
VGR_1,filtered,target_pos_y,FM,22.991,
VGR_1,filtered,i7_light_barrier,FM,22.996,
VGR_1,filtered,i8_color_sensor,FM,22.992,
VGR_1,filtered,o7_compressor_level,FM,23.003,
VGR_1,filtered,o8_valve_open,FM,22.99,
VGR_1,filtered,current_pos_z,FM,22.991,
VGR_1,filtered,target_pos_z,FM,22.988,
VGR_1,features,m1_speed_psd_peak,FM,25.262,
VGR_1,features,m1_speed_psd_mean_energy,FM,24.992,
VGR_1,features,m1_speed_psd_peak_freq,FM,24.995,
VGR_1,features,m1_speed_rms,FM,25.121,
VGR_1,features,m1_speed_mean,FM,25.116,
VGR_1,features,m1_speed_variance,FM,25.109,
VGR_1,features,m1_speed_fft_peak,FM,25.116,
VGR_1,features,m2_speed_psd_peak,FM,25.055,
VGR_1,features,m2_speed_psd_mean_energy,FM,25.16,
VGR_1,features,m2_speed_psd_peak_freq,FM,24.953,
VGR_1,features,m2_speed_rms,FM,25.133,
VGR_1,features,m2_speed_mean,FM,25.104,
VGR_1,features,m2_speed_variance,FM,25.144,
VGR_1,features,m2_speed_fft_peak,FM,25.104,
VGR_1,features,m3_speed_psd_peak,FM,25.229,
VGR_1,features,m3_speed_psd_mean_energy,FM,25.252,
VGR_1,features,m3_speed_psd_peak_freq,FM,25.111,
VGR_1,features,m3_speed_rms,FM,25.113,
VGR_1,features,m3_speed_mean,FM,25.11,
VGR_1,features,m3_speed_variance,FM,25.081,
VGR_1,features,m3_speed_fft_peak,FM,25.11,
VGR_1,features,current_pos_x_psd_peak,FM,25.041,
VGR_1,features,current_pos_x_psd_mean_energy,FM,25.296,
VGR_1,features,current_pos_x_psd_peak_freq,FM,24.981,
VGR_1,features,current_pos_x_rms,FM,25.098,
VGR_1,features,current_pos_x_mean,FM,25.045,
VGR_1,features,current_pos_x_variance,FM,25.018,
VGR_1,features,current_pos_x_fft_peak,FM,25.049,
VGR_1,features,current_pos_y_psd_peak,FM,25.085,
VGR_1,features,current_pos_y_psd_mean_energy,FM,25.213,
VGR_1,features,current_pos_y_psd_peak_freq,FM,25.068,
VGR_1,features,current_pos_y_rms,FM,25.059,
VGR_1,features,current_pos_y_mean,FM,25.107,
VGR_1,features,current_pos_y_variance,FM,25.092,
VGR_1,features,current_pos_y_fft_peak,FM,25.125,
VGR_1,features,current_pos_z_psd_peak,FM,25.069,
VGR_1,features,current_pos_z_psd_mean_energy,FM,24.967,
VGR_1,features,current_pos_z_psd_peak_freq,FM,25.13,
VGR_1,features,current_pos_z_rms,FM,25.183,
VGR_1,features,current_pos_z_mean,FM,25.187,
VGR_1,features,current_pos_z_variance,FM,25.121,
VGR_1,features,current_pos_z_fft_peak,FM,25.158,
VGR_1,features,target_pos_x_psd_peak,FM,24.987,
VGR_1,features,target_pos_x_psd_mean_energy,FM,25.288,
VGR_1,features,target_pos_x_psd_peak_freq,FM,25.037,
VGR_1,features,target_pos_x_rms,FM,25.143,
VGR_1,features,target_pos_x_mean,FM,25.118,
VGR_1,features,target_pos_x_variance,FM,25.45,
VGR_1,features,target_pos_x_fft_peak,FM,25.132,
VGR_1,features,target_pos_y_psd_peak,FM,25.012,
VGR_1,features,target_pos_y_psd_mean_energy,FM,25.02,
VGR_1,features,target_pos_y_psd_peak_freq,FM,25.137,
VGR_1,features,target_pos_y_rms,FM,25.166,
VGR_1,features,target_pos_y_mean,FM,25.09,
VGR_1,features,target_pos_y_variance,FM,25.174,
VGR_1,features,target_pos_y_fft_peak,FM,25.218,
VGR_1,features,target_pos_z_psd_peak,FM,25.07,
VGR_1,features,target_pos_z_psd_mean_energy,FM,25.057,
VGR_1,features,target_pos_z_psd_peak_freq,FM,24.915,
VGR_1,features,target_pos_z_rms,FM,24.975,
VGR_1,features,target_pos_z_mean,FM,25.159,
VGR_1,features,target_pos_z_variance,FM,25.124,
VGR_1,features,target_pos_z_fft_peak,FM,25.157,
VGR_1,features,current_task_duration_psd_peak,FM,25.082,
VGR_1,features,current_task_duration_psd_mean_energy,FM,25.204,
VGR_1,features,current_task_duration_psd_peak_freq,FM,25.101,
VGR_1,features,current_task_duration_rms,FM,25.069,
VGR_1,features,current_task_duration_mean,FM,25.125,
VGR_1,features,current_task_duration_variance,FM,25.164,
VGR_1,features,current_task_duration_fft_peak,FM,25.103,
VGR_1,filtered,i1_pos_switch,ASK,18.141,0.01373
VGR_1,filtered,i2_pos_switch,ASK,20.831,0.05494
VGR_1,filtered,i3_pos_switch,ASK,20.151,0.04015
VGR_1,filtered,i4_light_barrier,ASK,4.45,0.00317
VGR_1,filtered,m1_speed,ASK,21.757,0.11516
VGR_1,filtered,m2_speed,ASK,15.474,0.11305
VGR_1,filtered,m3_speed,ASK,16.812,0.12573
VGR_1,filtered,current_task,ASK,14.549,0.00951
VGR_1,filtered,current_task_duration,ASK,14.131,0.02588
VGR_1,filtered,current_sub_task,ASK,13.611,0.03909
VGR_1,filtered,current_pos_x,ASK,13.454,0.00581
VGR_1,filtered,current_pos_y,ASK,12.326,0.0412
VGR_1,filtered,target_pos_x,ASK,18.085,0.00792
VGR_1,filtered,target_pos_y,ASK,8.084,0.01479
VGR_1,filtered,i7_light_barrier,ASK,8.364,0.0074
VGR_1,filtered,i8_color_sensor,ASK,22.861,0.00211
VGR_1,filtered,o7_compressor_level,ASK,18.249,0.02536
VGR_1,filtered,o8_valve_open,ASK,22.94,0.00528
VGR_1,filtered,current_pos_z,ASK,10.878,0.01321
VGR_1,filtered,target_pos_z,ASK,8.763,0.01268
VGR_1,features,m1_speed_psd_peak,ASK,18.568,0.296
VGR_1,features,m1_speed_psd_mean_energy,ASK,20.04,0.288
VGR_1,features,m1_speed_psd_peak_freq,ASK,21.061,0.232
VGR_1,features,m1_speed_rms,ASK,25.021,0.008
VGR_1,features,m1_speed_mean,ASK,25.021,0.008
VGR_1,features,m1_speed_variance,ASK,20.25,0.224
VGR_1,features,m1_speed_fft_peak,ASK,25.021,0.008
VGR_1,features,m2_speed_psd_peak,ASK,14.956,0.128
VGR_1,features,m2_speed_psd_mean_energy,ASK,15.024,0.12
VGR_1,features,m2_speed_psd_peak_freq,ASK,24.421,0.104
VGR_1,features,m2_speed_rms,ASK,25.021,0.008
VGR_1,features,m2_speed_mean,ASK,24.974,0.008
VGR_1,features,m2_speed_variance,ASK,17.546,0.104
VGR_1,features,m2_speed_fft_peak,ASK,24.974,0.008
VGR_1,features,m3_speed_psd_peak,ASK,15.363,0.128
VGR_1,features,m3_speed_psd_mean_energy,ASK,17.006,0.168
VGR_1,features,m3_speed_psd_peak_freq,ASK,22.983,0.296
VGR_1,features,m3_speed_rms,ASK,24.974,0.008
VGR_1,features,m3_speed_mean,ASK,24.974,0.008
VGR_1,features,m3_speed_variance,ASK,17.048,0.136
VGR_1,features,m3_speed_fft_peak,ASK,24.974,0.008
VGR_1,features,current_pos_x_psd_peak,ASK,13.664,0.088
VGR_1,features,current_pos_x_psd_mean_energy,ASK,13.664,0.088
VGR_1,features,current_pos_x_psd_peak_freq,ASK,16.979,0.128
VGR_1,features,current_pos_x_rms,ASK,16.882,0.088
VGR_1,features,current_pos_x_mean,ASK,16.297,0.088
VGR_1,features,current_pos_x_variance,ASK,13.899,0.08
VGR_1,features,current_pos_x_fft_peak,ASK,16.297,0.088
VGR_1,features,current_pos_y_psd_peak,ASK,15.848,0.16
VGR_1,features,current_pos_y_psd_mean_energy,ASK,17.789,0.216
VGR_1,features,current_pos_y_psd_peak_freq,ASK,21.236,0.272
VGR_1,features,current_pos_y_rms,ASK,19.656,0.152
VGR_1,features,current_pos_y_mean,ASK,18.435,0.144
VGR_1,features,current_pos_y_variance,ASK,18.921,0.168
VGR_1,features,current_pos_y_fft_peak,ASK,17.868,0.12
VGR_1,features,current_pos_z_psd_peak,ASK,15.583,0.112
VGR_1,features,current_pos_z_psd_mean_energy,ASK,14.914,0.12
VGR_1,features,current_pos_z_psd_peak_freq,ASK,18.366,0.192
VGR_1,features,current_pos_z_rms,ASK,19.427,0.136
VGR_1,features,current_pos_z_mean,ASK,19.347,0.16
VGR_1,features,current_pos_z_variance,ASK,17.508,0.112
VGR_1,features,current_pos_z_fft_peak,ASK,19.347,0.16
VGR_1,features,target_pos_x_psd_peak,ASK,18.616,0.256
VGR_1,features,target_pos_x_psd_mean_energy,ASK,18.941,0.272
VGR_1,features,target_pos_x_psd_peak_freq,ASK,18.373,0.152
VGR_1,features,target_pos_x_rms,ASK,22.192,0.232
VGR_1,features,target_pos_x_mean,ASK,20.442,0.224
VGR_1,features,target_pos_x_variance,ASK,21.455,0.248
VGR_1,features,target_pos_x_fft_peak,ASK,20.442,0.224
VGR_1,features,target_pos_y_psd_peak,ASK,8.893,0.04
VGR_1,features,target_pos_y_psd_mean_energy,ASK,10.062,0.032
VGR_1,features,target_pos_y_psd_peak_freq,ASK,22.18,0.264
VGR_1,features,target_pos_y_rms,ASK,18.378,0.104
VGR_1,features,target_pos_y_mean,ASK,19.412,0.16
VGR_1,features,target_pos_y_variance,ASK,13.664,0.048
VGR_1,features,target_pos_y_fft_peak,ASK,18.809,0.152
VGR_1,features,target_pos_z_psd_peak,ASK,14.914,0.12
VGR_1,features,target_pos_z_psd_mean_energy,ASK,15.363,0.128
VGR_1,features,target_pos_z_psd_peak_freq,ASK,19.898,0.208
VGR_1,features,target_pos_z_rms,ASK,19.078,0.152
VGR_1,features,target_pos_z_mean,ASK,21.669,0.256
VGR_1,features,target_pos_z_variance,ASK,14.8,0.072
VGR_1,features,target_pos_z_fft_peak,ASK,21.514,0.24
VGR_1,features,current_task_duration_psd_peak,ASK,17.344,0.184
VGR_1,features,current_task_duration_psd_mean_energy,ASK,17.383,0.192
VGR_1,features,current_task_duration_psd_peak_freq,ASK,16.776,0.12
VGR_1,features,current_task_duration_rms,ASK,21.224,0.216
VGR_1,features,current_task_duration_mean,ASK,20.067,0.2
VGR_1,features,current_task_duration_variance,ASK,20.155,0.16
VGR_1,features,current_task_duration_fft_peak,ASK,20.067,0.2
VGR_1,filtered,i1_pos_switch,FSK,22.977,0.50449
VGR_1,filtered,i2_pos_switch,FSK,22.968,0.50872
VGR_1,filtered,i3_pos_switch,FSK,22.986,0.50396
VGR_1,filtered,i4_light_barrier,FSK,22.992,0.48019
VGR_1,filtered,m1_speed,FSK,22.997,0.514
VGR_1,filtered,m2_speed,FSK,23.008,0.47966
VGR_1,filtered,m3_speed,FSK,22.94,0.49868
VGR_1,filtered,current_task,FSK,22.99,0.486
VGR_1,filtered,current_task_duration,FSK,22.996,0.48547
VGR_1,filtered,current_sub_task,FSK,23.02,0.4823
VGR_1,filtered,current_pos_x,FSK,22.997,0.48494
VGR_1,filtered,current_pos_y,FSK,23.007,0.4823
VGR_1,filtered,target_pos_x,FSK,22.976,0.49604
VGR_1,filtered,target_pos_y,FSK,22.997,0.48019
VGR_1,filtered,i7_light_barrier,FSK,23.0,0.47808
VGR_1,filtered,i8_color_sensor,FSK,22.978,0.52245
VGR_1,filtered,o7_compressor_level,FSK,23.003,0.49709
VGR_1,filtered,o8_valve_open,FSK,22.994,0.52087
VGR_1,filtered,current_pos_z,FSK,23.002,0.48125
VGR_1,filtered,target_pos_z,FSK,23.011,0.47966
VGR_1,features,m1_speed_psd_peak,FSK,25.084,0.504
VGR_1,features,m1_speed_psd_mean_energy,FSK,25.125,0.496
VGR_1,features,m1_speed_psd_peak_freq,FSK,24.865,0.56
VGR_1,features,m1_speed_rms,FSK,25.091,0.512
VGR_1,features,m1_speed_mean,FSK,25.091,0.512
VGR_1,features,m1_speed_variance,FSK,25.105,0.48
VGR_1,features,m1_speed_fft_peak,FSK,25.091,0.512
VGR_1,features,m2_speed_psd_peak,FSK,25.007,0.488
VGR_1,features,m2_speed_psd_mean_energy,FSK,25.022,0.48
VGR_1,features,m2_speed_psd_peak_freq,FSK,25.12,0.504
VGR_1,features,m2_speed_rms,FSK,25.091,0.512
VGR_1,features,m2_speed_mean,FSK,25.123,0.504
VGR_1,features,m2_speed_variance,FSK,25.043,0.496
VGR_1,features,m2_speed_fft_peak,FSK,25.123,0.504
VGR_1,features,m3_speed_psd_peak,FSK,25.261,0.448
VGR_1,features,m3_speed_psd_mean_energy,FSK,25.229,0.472
VGR_1,features,m3_speed_psd_peak_freq,FSK,24.826,0.568
VGR_1,features,m3_speed_rms,FSK,25.123,0.504
VGR_1,features,m3_speed_mean,FSK,25.123,0.504
VGR_1,features,m3_speed_variance,FSK,25.145,0.48
VGR_1,features,m3_speed_fft_peak,FSK,25.123,0.504
VGR_1,features,current_pos_x_psd_peak,FSK,25.159,0.456
VGR_1,features,current_pos_x_psd_mean_energy,FSK,25.159,0.456
VGR_1,features,current_pos_x_psd_peak_freq,FSK,24.948,0.512
VGR_1,features,current_pos_x_rms,FSK,24.984,0.48
VGR_1,features,current_pos_x_mean,FSK,24.931,0.504
VGR_1,features,current_pos_x_variance,FSK,25.1,0.48
VGR_1,features,current_pos_x_fft_peak,FSK,24.931,0.504
VGR_1,features,current_pos_y_psd_peak,FSK,25.17,0.448
VGR_1,features,current_pos_y_psd_mean_energy,FSK,25.142,0.456
VGR_1,features,current_pos_y_psd_peak_freq,FSK,25.167,0.456
VGR_1,features,current_pos_y_rms,FSK,25.104,0.48
VGR_1,features,current_pos_y_mean,FSK,25.039,0.488
VGR_1,features,current_pos_y_variance,FSK,25.15,0.464
VGR_1,features,current_pos_y_fft_peak,FSK,24.979,0.504
VGR_1,features,current_pos_z_psd_peak,FSK,25.218,0.464
VGR_1,features,current_pos_z_psd_mean_energy,FSK,25.218,0.456
VGR_1,features,current_pos_z_psd_peak_freq,FSK,25.138,0.488
VGR_1,features,current_pos_z_rms,FSK,25.273,0.472
VGR_1,features,current_pos_z_mean,FSK,25.196,0.496
VGR_1,features,current_pos_z_variance,FSK,25.235,0.48
VGR_1,features,current_pos_z_fft_peak,FSK,25.196,0.496
VGR_1,features,target_pos_x_psd_peak,FSK,25.119,0.488
VGR_1,features,target_pos_x_psd_mean_energy,FSK,25.084,0.504
VGR_1,features,target_pos_x_psd_peak_freq,FSK,25.069,0.504
VGR_1,features,target_pos_x_rms,FSK,25.213,0.488
VGR_1,features,target_pos_x_mean,FSK,25.148,0.488
VGR_1,features,target_pos_x_variance,FSK,25.059,0.504
VGR_1,features,target_pos_x_fft_peak,FSK,25.148,0.488
VGR_1,features,target_pos_y_psd_peak,FSK,25.081,0.48
VGR_1,features,target_pos_y_psd_mean_energy,FSK,25.096,0.488
VGR_1,features,target_pos_y_psd_peak_freq,FSK,25.532,0.408
VGR_1,features,target_pos_y_rms,FSK,25.103,0.456
VGR_1,features,target_pos_y_mean,FSK,24.918,0.528
VGR_1,features,target_pos_y_variance,FSK,25.107,0.48
VGR_1,features,target_pos_y_fft_peak,FSK,24.938,0.528
VGR_1,features,target_pos_z_psd_peak,FSK,25.218,0.456
VGR_1,features,target_pos_z_psd_mean_energy,FSK,25.187,0.464
VGR_1,features,target_pos_z_psd_peak_freq,FSK,25.222,0.48
VGR_1,features,target_pos_z_rms,FSK,25.278,0.472
VGR_1,features,target_pos_z_mean,FSK,25.145,0.52
VGR_1,features,target_pos_z_variance,FSK,25.193,0.472
VGR_1,features,target_pos_z_fft_peak,FSK,25.145,0.512
VGR_1,features,current_task_duration_psd_peak,FSK,25.112,0.496
VGR_1,features,current_task_duration_psd_mean_energy,FSK,25.127,0.488
VGR_1,features,current_task_duration_psd_peak_freq,FSK,24.996,0.504
VGR_1,features,current_task_duration_rms,FSK,25.151,0.504
VGR_1,features,current_task_duration_mean,FSK,25.146,0.48
VGR_1,features,current_task_duration_variance,FSK,25.211,0.504
VGR_1,features,current_task_duration_fft_peak,FSK,25.146,0.48
VGR_1,filtered,i1_pos_switch,PSK,22.99,0.0
VGR_1,filtered,i2_pos_switch,PSK,22.99,0.0
VGR_1,filtered,i3_pos_switch,PSK,22.99,0.0
VGR_1,filtered,i4_light_barrier,PSK,22.99,0.0
VGR_1,filtered,m1_speed,PSK,22.99,0.0
VGR_1,filtered,m2_speed,PSK,22.99,0.0
VGR_1,filtered,m3_speed,PSK,22.99,0.0
VGR_1,filtered,current_task,PSK,22.99,0.0
VGR_1,filtered,current_task_duration,PSK,22.99,0.0
VGR_1,filtered,current_sub_task,PSK,22.99,0.0
VGR_1,filtered,current_pos_x,PSK,22.99,0.0
VGR_1,filtered,current_pos_y,PSK,22.99,0.0
VGR_1,filtered,target_pos_x,PSK,22.99,0.0
VGR_1,filtered,target_pos_y,PSK,22.99,0.0
VGR_1,filtered,i7_light_barrier,PSK,22.99,0.0
VGR_1,filtered,i8_color_sensor,PSK,22.99,0.0
VGR_1,filtered,o7_compressor_level,PSK,22.99,0.0
VGR_1,filtered,o8_valve_open,PSK,22.99,0.0
VGR_1,filtered,current_pos_z,PSK,22.99,0.0
VGR_1,filtered,target_pos_z,PSK,22.99,0.0
VGR_1,features,m1_speed_psd_peak,PSK,25.091,0.0
VGR_1,features,m1_speed_psd_mean_energy,PSK,25.091,0.0
VGR_1,features,m1_speed_psd_peak_freq,PSK,25.091,0.0
VGR_1,features,m1_speed_rms,PSK,25.091,0.0
VGR_1,features,m1_speed_mean,PSK,25.091,0.0
VGR_1,features,m1_speed_variance,PSK,25.091,0.0
VGR_1,features,m1_speed_fft_peak,PSK,25.091,0.0
VGR_1,features,m2_speed_psd_peak,PSK,25.091,0.0
VGR_1,features,m2_speed_psd_mean_energy,PSK,25.091,0.0
VGR_1,features,m2_speed_psd_peak_freq,PSK,25.091,0.0
VGR_1,features,m2_speed_rms,PSK,25.091,0.0
VGR_1,features,m2_speed_mean,PSK,25.091,0.0
VGR_1,features,m2_speed_variance,PSK,25.091,0.0
VGR_1,features,m2_speed_fft_peak,PSK,25.091,0.0
VGR_1,features,m3_speed_psd_peak,PSK,25.091,0.0
VGR_1,features,m3_speed_psd_mean_energy,PSK,25.091,0.0
VGR_1,features,m3_speed_psd_peak_freq,PSK,25.091,0.0
VGR_1,features,m3_speed_rms,PSK,25.091,0.0
VGR_1,features,m3_speed_mean,PSK,25.091,0.0
VGR_1,features,m3_speed_variance,PSK,25.091,0.0
VGR_1,features,m3_speed_fft_peak,PSK,25.091,0.0
VGR_1,features,current_pos_x_psd_peak,PSK,25.091,0.0
VGR_1,features,current_pos_x_psd_mean_energy,PSK,25.091,0.0
VGR_1,features,current_pos_x_psd_peak_freq,PSK,25.091,0.0
VGR_1,features,current_pos_x_rms,PSK,25.091,0.0
VGR_1,features,current_pos_x_mean,PSK,25.091,0.0
VGR_1,features,current_pos_x_variance,PSK,25.091,0.0
VGR_1,features,current_pos_x_fft_peak,PSK,25.091,0.0
VGR_1,features,current_pos_y_psd_peak,PSK,25.091,0.0
VGR_1,features,current_pos_y_psd_mean_energy,PSK,25.091,0.0
VGR_1,features,current_pos_y_psd_peak_freq,PSK,25.091,0.0
VGR_1,features,current_pos_y_rms,PSK,25.091,0.0
VGR_1,features,current_pos_y_mean,PSK,25.091,0.0
VGR_1,features,current_pos_y_variance,PSK,25.091,0.0
VGR_1,features,current_pos_y_fft_peak,PSK,25.091,0.0
VGR_1,features,current_pos_z_psd_peak,PSK,25.091,0.0
VGR_1,features,current_pos_z_psd_mean_energy,PSK,25.091,0.0
VGR_1,features,current_pos_z_psd_peak_freq,PSK,25.091,0.0
VGR_1,features,current_pos_z_rms,PSK,25.091,0.0
VGR_1,features,current_pos_z_mean,PSK,25.091,0.0
VGR_1,features,current_pos_z_variance,PSK,25.091,0.0
VGR_1,features,current_pos_z_fft_peak,PSK,25.091,0.0
VGR_1,features,target_pos_x_psd_peak,PSK,25.091,0.0
VGR_1,features,target_pos_x_psd_mean_energy,PSK,25.091,0.0
VGR_1,features,target_pos_x_psd_peak_freq,PSK,25.091,0.0
VGR_1,features,target_pos_x_rms,PSK,25.091,0.0
VGR_1,features,target_pos_x_mean,PSK,25.091,0.0
VGR_1,features,target_pos_x_variance,PSK,25.091,0.0
VGR_1,features,target_pos_x_fft_peak,PSK,25.091,0.0
VGR_1,features,target_pos_y_psd_peak,PSK,25.091,0.0
VGR_1,features,target_pos_y_psd_mean_energy,PSK,25.091,0.0
VGR_1,features,target_pos_y_psd_peak_freq,PSK,25.091,0.0
VGR_1,features,target_pos_y_rms,PSK,25.091,0.0
VGR_1,features,target_pos_y_mean,PSK,25.091,0.0
VGR_1,features,target_pos_y_variance,PSK,25.091,0.0
VGR_1,features,target_pos_y_fft_peak,PSK,25.091,0.0
VGR_1,features,target_pos_z_psd_peak,PSK,25.091,0.0
VGR_1,features,target_pos_z_psd_mean_energy,PSK,25.091,0.0
VGR_1,features,target_pos_z_psd_peak_freq,PSK,25.091,0.0
VGR_1,features,target_pos_z_rms,PSK,25.091,0.0
VGR_1,features,target_pos_z_mean,PSK,25.091,0.0
VGR_1,features,target_pos_z_variance,PSK,25.091,0.0
VGR_1,features,target_pos_z_fft_peak,PSK,25.091,0.0
VGR_1,features,current_task_duration_psd_peak,PSK,25.091,0.0
VGR_1,features,current_task_duration_psd_mean_energy,PSK,25.091,0.0
VGR_1,features,current_task_duration_psd_peak_freq,PSK,25.091,0.0
VGR_1,features,current_task_duration_rms,PSK,25.091,0.0
VGR_1,features,current_task_duration_mean,PSK,25.091,0.0
VGR_1,features,current_task_duration_variance,PSK,25.091,0.0
VGR_1,features,current_task_duration_fft_peak,PSK,25.091,0.0
WT_1,filtered,i3_pos_switch,AM,23.101,
WT_1,filtered,m2_speed,AM,25.982,
WT_1,filtered,o8_compressor,AM,24.074,
WT_1,filtered,o5_valve,AM,23.243,
WT_1,filtered,o6_valve,AM,23.031,
WT_1,features,m2_speed_psd_peak,AM,25.658,
WT_1,features,m2_speed_psd_mean_energy,AM,25.722,
WT_1,features,m2_speed_psd_peak_freq,AM,26.815,
WT_1,features,m2_speed_rms,AM,28.855,
WT_1,features,m2_speed_mean,AM,29.239,
WT_1,features,m2_speed_variance,AM,26.012,
WT_1,features,m2_speed_fft_peak,AM,29.239,
WT_1,features,o8_compressor_psd_peak,AM,25.47,
WT_1,features,o8_compressor_psd_mean_energy,AM,25.494,
WT_1,features,o8_compressor_psd_peak_freq,AM,26.831,
WT_1,features,o8_compressor_rms,AM,26.105,
WT_1,features,o8_compressor_mean,AM,26.248,
WT_1,features,o8_compressor_variance,AM,25.825,
WT_1,features,o8_compressor_fft_peak,AM,26.087,
WT_1,features,current_task_duration_psd_peak,AM,25.091,
WT_1,features,current_task_duration_psd_mean_energy,AM,25.091,
WT_1,features,current_task_duration_psd_peak_freq,AM,25.091,
WT_1,features,current_task_duration_rms,AM,25.091,
WT_1,features,current_task_duration_mean,AM,25.091,
WT_1,features,current_task_duration_variance,AM,25.091,
WT_1,features,current_task_duration_fft_peak,AM,25.091,
WT_1,filtered,i3_pos_switch,FM,22.986,
WT_1,filtered,m2_speed,FM,22.989,
WT_1,filtered,o8_compressor,FM,22.993,
WT_1,filtered,o5_valve,FM,22.986,
WT_1,filtered,o6_valve,FM,22.981,
WT_1,features,m2_speed_psd_peak,FM,25.121,
WT_1,features,m2_speed_psd_mean_energy,FM,25.139,
WT_1,features,m2_speed_psd_peak_freq,FM,25.129,
WT_1,features,m2_speed_rms,FM,25.115,
WT_1,features,m2_speed_mean,FM,25.095,
WT_1,features,m2_speed_variance,FM,25.148,
WT_1,features,m2_speed_fft_peak,FM,25.095,
WT_1,features,o8_compressor_psd_peak,FM,25.139,
WT_1,features,o8_compressor_psd_mean_energy,FM,25.123,
WT_1,features,o8_compressor_psd_peak_freq,FM,25.013,
WT_1,features,o8_compressor_rms,FM,25.067,
WT_1,features,o8_compressor_mean,FM,25.133,
WT_1,features,o8_compressor_variance,FM,25.149,
WT_1,features,o8_compressor_fft_peak,FM,25.058,
WT_1,features,current_task_duration_psd_peak,FM,25.091,
WT_1,features,current_task_duration_psd_mean_energy,FM,25.091,
WT_1,features,current_task_duration_psd_peak_freq,FM,25.091,
WT_1,features,current_task_duration_rms,FM,25.091,
WT_1,features,current_task_duration_mean,FM,25.091,
WT_1,features,current_task_duration_variance,FM,25.091,
WT_1,features,current_task_duration_fft_peak,FM,25.091,
WT_1,filtered,i3_pos_switch,ASK,3.627,0.00423
WT_1,filtered,m2_speed,ASK,22.725,0.01532
WT_1,filtered,o8_compressor,ASK,3.906,0.00528
WT_1,filtered,o5_valve,ASK,7.273,0.00211
WT_1,filtered,o6_valve,ASK,-0.688,0.00423
WT_1,features,m2_speed_psd_peak,ASK,12.803,0.08
WT_1,features,m2_speed_psd_mean_energy,ASK,13.512,0.08
WT_1,features,m2_speed_psd_peak_freq,ASK,17.68,0.144
WT_1,features,m2_speed_rms,ASK,24.974,0.008
WT_1,features,m2_speed_mean,ASK,24.974,0.008
WT_1,features,m2_speed_variance,ASK,14.656,0.064
WT_1,features,m2_speed_fft_peak,ASK,24.974,0.008
WT_1,features,o8_compressor_psd_peak,ASK,10.766,0.04
WT_1,features,o8_compressor_psd_mean_energy,ASK,10.766,0.04
WT_1,features,o8_compressor_psd_peak_freq,ASK,18.809,0.144
WT_1,features,o8_compressor_rms,ASK,17.494,0.08
WT_1,features,o8_compressor_mean,ASK,16.175,0.056
WT_1,features,o8_compressor_variance,ASK,14.173,0.04
WT_1,features,o8_compressor_fft_peak,ASK,14.701,0.04
WT_1,features,current_task_duration_psd_peak,ASK,-inf,0.0
WT_1,features,current_task_duration_psd_mean_energy,ASK,-inf,0.0
WT_1,features,current_task_duration_psd_peak_freq,ASK,-inf,0.0
WT_1,features,current_task_duration_rms,ASK,-inf,0.0
WT_1,features,current_task_duration_mean,ASK,-inf,0.0
WT_1,features,current_task_duration_variance,ASK,-inf,0.0
WT_1,features,current_task_duration_fft_peak,ASK,-inf,0.0
WT_1,filtered,i3_pos_switch,FSK,22.978,0.48019
WT_1,filtered,m2_speed,FSK,22.981,0.51347
WT_1,filtered,o8_compressor,FSK,22.992,0.48072
WT_1,filtered,o5_valve,FSK,22.988,0.47438
WT_1,filtered,o6_valve,FSK,22.99,0.47755
WT_1,features,m2_speed_psd_peak,FSK,24.947,0.512
WT_1,features,m2_speed_psd_mean_energy,FSK,25.008,0.504
WT_1,features,m2_speed_psd_peak_freq,FSK,25.094,0.488
WT_1,features,m2_speed_rms,FSK,25.123,0.504
WT_1,features,m2_speed_mean,FSK,25.123,0.504
WT_1,features,m2_speed_variance,FSK,25.036,0.504
WT_1,features,m2_speed_fft_peak,FSK,25.123,0.504
WT_1,features,o8_compressor_psd_peak,FSK,25.104,0.488
WT_1,features,o8_compressor_psd_mean_energy,FSK,25.104,0.488
WT_1,features,o8_compressor_psd_peak_freq,FSK,25.113,0.504
WT_1,features,o8_compressor_rms,FSK,25.151,0.48
WT_1,features,o8_compressor_mean,FSK,25.19,0.488
WT_1,features,o8_compressor_variance,FSK,25.049,0.488
WT_1,features,o8_compressor_fft_peak,FSK,24.983,0.496
WT_1,features,current_task_duration_psd_peak,FSK,25.091,0.48
WT_1,features,current_task_duration_psd_mean_energy,FSK,25.091,0.48
WT_1,features,current_task_duration_psd_peak_freq,FSK,25.091,0.48
WT_1,features,current_task_duration_rms,FSK,25.091,0.48
WT_1,features,current_task_duration_mean,FSK,25.091,0.48
WT_1,features,current_task_duration_variance,FSK,25.091,0.48
WT_1,features,current_task_duration_fft_peak,FSK,25.091,0.48
WT_1,filtered,i3_pos_switch,PSK,22.99,0.0
WT_1,filtered,m2_speed,PSK,22.99,0.0
WT_1,filtered,o8_compressor,PSK,22.99,0.0
WT_1,filtered,o5_valve,PSK,22.99,0.0
WT_1,filtered,o6_valve,PSK,22.99,0.0
WT_1,features,m2_speed_psd_peak,PSK,25.091,0.0
WT_1,features,m2_speed_psd_mean_energy,PSK,25.091,0.0
WT_1,features,m2_speed_psd_peak_freq,PSK,25.091,0.0
WT_1,features,m2_speed_rms,PSK,25.091,0.0
WT_1,features,m2_speed_mean,PSK,25.091,0.0
WT_1,features,m2_speed_variance,PSK,25.091,0.0
WT_1,features,m2_speed_fft_peak,PSK,25.091,0.0
WT_1,features,o8_compressor_psd_peak,PSK,25.091,0.0
WT_1,features,o8_compressor_psd_mean_energy,PSK,25.091,0.0
WT_1,features,o8_compressor_psd_peak_freq,PSK,25.091,0.0
WT_1,features,o8_compressor_rms,PSK,25.091,0.0
WT_1,features,o8_compressor_mean,PSK,25.091,0.0
WT_1,features,o8_compressor_variance,PSK,25.091,0.0
WT_1,features,o8_compressor_fft_peak,PSK,25.091,0.0
WT_1,features,current_task_duration_psd_peak,PSK,25.091,0.0
WT_1,features,current_task_duration_psd_mean_energy,PSK,25.091,0.0
WT_1,features,current_task_duration_psd_peak_freq,PSK,25.091,0.0
WT_1,features,current_task_duration_rms,PSK,25.091,0.0
WT_1,features,current_task_duration_mean,PSK,25.091,0.0
WT_1,features,current_task_duration_variance,PSK,25.091,0.0
WT_1,features,current_task_duration_fft_peak,PSK,25.091,0.0
